X,Y
-121.74722686,38.5376087
-121.74722114,38.53763328
-121.74720895,38.53765662
-121.74719394,38.53768341
-121.74717808,38.53771504
-121.74715895,38.53775043
-121.74713887,38.53778672
-121.74712069,38.53782863
-121.74710303,38.53787132
-121.7470826,38.53791549
-121.74706029,38.53795657
-121.74704026,38.53800144
-121.74702285,38.5380488
-121.74700702,38.53809224
-121.74699186,38.53813197
-121.7469757,38.53817077
-121.74695714,38.53820797
-121.7469383,38.53824448
-121.74691757,38.53827918
-121.74689113,38.53831571
-121.74685987,38.53835084
-121.74682862,38.53838806
-121.74680828,38.53840732
-121.74678803,38.538425
-121.74676949,38.53844654
-121.74674816,38.53847005
-121.74674199,38.53847101
-121.74673047,38.53847068
-121.74672214,38.53847557
-121.74670683,38.5384858
-121.74669413,38.53848959
-121.74668032,38.53849393
-121.74666466,38.53849823
-121.74664766,38.5385032
-121.74662552,38.53851093
-121.74659803,38.53852312
-121.74657677,38.53853178
-121.74655268,38.53854199
-121.74652703,38.53855279
-121.74648201,38.53856681
-121.74643356,38.53857626
-121.74638019,38.53858506
-121.74632037,38.53859318
-121.74625777,38.53860295
-121.74620485,38.53861431
-121.74615592,38.53862783
-121.74611021,38.53864189
-121.74606966,38.53866026
-121.74603231,38.53868174
-121.7459971,38.53870585
-121.74596449,38.53873031
-121.74593045,38.53875787
-121.74589434,38.53879195
-121.74585535,38.53883064
-121.74581485,38.53887229
-121.74577863,38.53891579
-121.74574206,38.53896081
-121.74570542,38.53900541
-121.74566375,38.53904899
-121.74561942,38.53909247
-121.74557236,38.5391355
-121.74552187,38.53917528
-121.74547012,38.53921343
-121.74541816,38.53925358
-121.74536135,38.53929028
-121.74530394,38.53932514
-121.74524466,38.53935501
-121.74518445,38.53938133
-121.74511862,38.53940747
-121.74505335,38.53943303
-121.7449862,38.53945778
-121.74491753,38.53948194
-121.74484981,38.53950731
-121.74478681,38.53953327
-121.74472589,38.53956016
-121.74466752,38.53958496
-121.74461637,38.53961023
-121.74457235,38.53963679
-121.74453326,38.53966294
-121.74449375,38.53968914
-121.74444878,38.53971347
-121.74440401,38.53973815
-121.74436057,38.5397626
-121.74431508,38.53978576
-121.7442735,38.53980697
-121.74423131,38.53982415
-121.74418451,38.53983958
-121.74413424,38.53985448
-121.74408069,38.53986674
-121.74402775,38.53987945
-121.74397861,38.53989187
-121.74392657,38.53990304
-121.74387394,38.53991265
-121.7438217,38.53992109
-121.74376947,38.53992853
-121.74371627,38.53993535
-121.74366118,38.53994068
-121.74360293,38.5399446
-121.74354455,38.53994838
-121.74348788,38.5399514
-121.74343383,38.53995024
-121.7434023,38.539949
-121.74337373,38.53994992
-121.74335136,38.53994937
-121.74333232,38.53994879
-121.74331535,38.5399465
-121.74329961,38.5399428
-121.7432823,38.53993769
-121.74326179,38.53993205
-121.74324767,38.53992996
-121.74323062,38.53992498
-121.74321189,38.53991976
-121.7431875,38.53991952
-121.74315641,38.53992101
-121.74313322,38.53992318
-121.74310812,38.53992579
-121.74308295,38.53992789
-121.74305324,38.53992668
-121.74301764,38.53992486
-121.74297219,38.53992304
-121.74291781,38.53991933
-121.74285556,38.53991571
-121.74279112,38.53991357
-121.74272695,38.53991279
-121.74266414,38.53991168
-121.74260438,38.5399097
-121.742544,38.53990639
-121.74248568,38.53990397
-121.74243087,38.53990314
-121.74238217,38.53990243
-121.74233796,38.53989924
-121.74229969,38.53989628
-121.74226864,38.539894
-121.74224231,38.53989166
-121.74222296,38.53988841
-121.74220911,38.53988713
-121.74219828,38.5398879
-121.74218824,38.53988768
-121.74217881,38.5398886
-121.74216938,38.53989001
-121.74216105,38.53989192
-121.74215417,38.53989717
-121.74214582,38.53990357
-121.74213685,38.53991178
-121.7421244,38.53992183
-121.74210543,38.53993282
-121.74208657,38.53994458
-121.74206886,38.53995677
-121.74205322,38.53996811
-121.7420377,38.53997857
-121.74202341,38.53998743
-121.7420101,38.53999665
-121.74199634,38.54000617
-121.74198161,38.54001507
-121.74196562,38.54002964
-121.74195099,38.54004716
-121.74193773,38.54006576
-121.74192245,38.54008698
-121.74190673,38.54011143
-121.74189234,38.54013785
-121.74187616,38.54016574
-121.741861,38.54019466
-121.74184722,38.54022341
-121.74183551,38.54025023
-121.74182458,38.54027407
-121.74181517,38.54029843
-121.7418083,38.54032297
-121.7418097,38.54034368
-121.74181843,38.54035717
-121.7418353,38.54036821
-121.74185756,38.54038017
-121.74188513,38.54039012
-121.74191901,38.54039929
-121.74195568,38.54040507
-121.74199539,38.54040916
-121.74203773,38.54041126
-121.74207759,38.54040895
-121.7421182,38.54040625
-121.74215765,38.54039891
-121.74219659,38.54039165
-121.74223777,38.54038298
-121.74227835,38.54037224
-121.74231018,38.5403629
-121.74233933,38.54035318
-121.74236758,38.54034334
-121.74239926,38.54033875
-121.74242496,38.54033478
-121.74245292,38.54033151
-121.74247521,38.54032666
-121.74249722,38.54032107
-121.7425186,38.54031674
-121.74254103,38.54031322
-121.74256438,38.54030915
-121.74259043,38.54030425
-121.74261404,38.5402983
-121.7426388,38.54029363
-121.7426682,38.54028787
-121.74269337,38.54028093
-121.7427255,38.54027401
-121.74275679,38.54026816
-121.74279108,38.5402615
-121.74282259,38.54025464
-121.74285234,38.54024613
-121.74288422,38.54023469
-121.74291221,38.5402265
-121.74293923,38.54021906
-121.74296641,38.5402142
-121.74299734,38.54021184
-121.74302408,38.54021208
-121.74305208,38.54021385
-121.74308438,38.54021684
-121.74312086,38.54022329
-121.74316228,38.54023296
-121.74320864,38.54024277
-121.74325276,38.5402513
-121.74329691,38.54025796
-121.74334156,38.54026365
-121.74338253,38.54027096
-121.74342412,38.5402794
-121.74346715,38.54028713
-121.74350871,38.54029284
-121.74355615,38.54029441
-121.74360776,38.54029206
-121.74366619,38.54028523
-121.74372547,38.54027647
-121.74378416,38.5402663
-121.74384661,38.54025692
-121.74390786,38.54024912
-121.74397016,38.54024153
-121.74403471,38.54023522
-121.74409731,38.540227
-121.744161,38.54021804
-121.74422397,38.54020818
-121.74428761,38.54020052
-121.74435091,38.54019259
-121.74441485,38.54018701
-121.74447639,38.54018247
-121.74453339,38.54018001
-121.74458713,38.54018089
-121.74463482,38.54018267
-121.74467959,38.54018656
-121.74472047,38.54019108
-121.74475939,38.54019592
-121.74479477,38.54020071
-121.74482558,38.54020663
-121.74485586,38.54021069
-121.74488391,38.54021391
-121.74490964,38.54021632
-121.74493562,38.54021947
-121.74496365,38.54022019
-121.74499322,38.54021622
-121.74502501,38.5402084
-121.74505848,38.5401997
-121.7450938,38.54019039
-121.74513164,38.5401806
-121.74517017,38.54016815
-121.74520621,38.54015583
-121.74524122,38.54014326
-121.7452765,38.54013089
-121.74531273,38.5401187
-121.74534925,38.54010754
-121.74538445,38.54009948
-121.74541849,38.54009732
-121.74544954,38.54010087
-121.74547961,38.54010986
-121.74550749,38.54012265
-121.74553214,38.54013788
-121.74555602,38.5401512
-121.74558084,38.5401619
-121.74560707,38.54017076
-121.74563511,38.54017932
-121.7456662,38.54018684
-121.74569346,38.5401939
-121.74572212,38.54020054
-121.74575399,38.54020518
-121.745788,38.54020752
-121.7458215,38.54020609
-121.74585519,38.54020197
-121.74588764,38.54019455
-121.74592102,38.54018729
-121.74595387,38.54018009
-121.745991,38.54017296
-121.74602786,38.5401644
-121.74606159,38.54015447
-121.74609278,38.54014592
-121.74612018,38.54013807
-121.74614736,38.54012901
-121.74617316,38.54011965
-121.74619832,38.54011032
-121.74622618,38.54010154
-121.74625416,38.54009137
-121.74628249,38.54007976
-121.74631107,38.54006876
-121.74634204,38.54005843
-121.74637364,38.54004731
-121.74640382,38.5400357
-121.74643646,38.54002385
-121.74646671,38.54001133
-121.74649735,38.53999927
-121.7465284,38.53998798
-121.7465616,38.53997488
-121.74659422,38.53995864
-121.74662401,38.5399413
-121.74665196,38.53992458
-121.74667949,38.53990828
-121.74670381,38.53989398
-121.74672659,38.53988027
-121.74674351,38.53987022
-121.74674512,38.5398667
-121.7467382,38.539868
-121.74672678,38.5398715
-121.74671535,38.53987835
-121.74670689,38.53988866
-121.74670087,38.53990148
-121.74670022,38.53991972
-121.74670058,38.53993907
-121.74670129,38.53995913
-121.74670184,38.53997958
-121.74670253,38.54000233
-121.74670279,38.54002599
-121.74670083,38.54004849
-121.74669738,38.54006835
-121.7466958,38.54008305
-121.74669553,38.54009581
-121.74669495,38.54010357
-121.74669616,38.5401095
-121.74669974,38.54011363
-121.74670543,38.54011631
-121.74671513,38.5401186
-121.74672553,38.5401199
-121.74673722,38.54012041
-121.74674635,38.54011993
-121.74675648,38.54011952
-121.74676651,38.54011823
-121.74677528,38.54011581
-121.74678366,38.54011336
-121.74679393,38.54011177
-121.74680372,38.54010948
-121.74681279,38.54010714
-121.74682333,38.54010587
-121.7468313,38.54010222
-121.74683877,38.54010208
-121.74684904,38.54010138
-121.74686325,38.54009842
-121.74688116,38.54009557
-121.74689715,38.5400934
-121.74691296,38.5400902
-121.74693164,38.54008445
-121.74695046,38.54007957
-121.74696801,38.54007727
-121.74698269,38.5400761
-121.74699399,38.54007673
-121.74700426,38.54007563
-121.74701331,38.54007201
-121.74702407,38.54006764
-121.74703841,38.5400634
-121.74705535,38.54005849
-121.74707674,38.54005444
-121.74709994,38.54004993
-121.74712234,38.54004833
-121.74714432,38.54004928
-121.74716483,38.54005118
-121.74718399,38.54005615
-121.74720118,38.54006448
-121.74722062,38.54007488
-121.74724525,38.54008625
-121.74726639,38.54009566
-121.74728177,38.54010381
-121.74730053,38.54011334
-121.74731973,38.54012423
-121.74733803,38.54013586
-121.74735707,38.54014878
-121.74737483,38.54016176
-121.74739335,38.54017524
-121.74740965,38.54018764
-121.74742864,38.54019808
-121.74744898,38.54020718
-121.74746869,38.54021482
-121.74749119,38.54022069
-121.74751786,38.54022618
-121.7475434,38.54022861
-121.74757029,38.54023068
-121.7475995,38.54023106
-121.74763185,38.54023233
-121.74766149,38.54023417
-121.74769303,38.54023549
-121.7477209,38.54023685
-121.74774341,38.54023942
-121.74776267,38.54024088
-121.74778363,38.54024413
-121.74780707,38.5402529
-121.74783109,38.54026868
-121.74785489,38.54028894
-121.7478751,38.54031463
-121.74789551,38.54034412
-121.74791542,38.54037606
-121.74793286,38.54040909
-121.74794733,38.54044078
-121.74795944,38.54047067
-121.74797027,38.54049892
-121.74798088,38.54052446
-121.74799163,38.54054879
-121.74800288,38.54057181
-121.74801312,38.54059451
-121.74802228,38.5406148
-121.74803025,38.54063419
-121.7480377,38.54065341
-121.74804584,38.54067072
-121.74805528,38.54068517
-121.7480643,38.54069618
-121.74807341,38.54070423
-121.74808486,38.54071227
-121.7480965,38.5407204
-121.74810765,38.5407323
-121.74811734,38.54074581
-121.74812411,38.54076073
-121.74812947,38.54077608
-121.74813461,38.5407942
-121.74813962,38.54081314
-121.74814514,38.54083656
-121.74814851,38.54086289
-121.74815293,38.54089139
-121.74815833,38.54092276
-121.74816273,38.54095302
-121.74816988,38.54098235
-121.74817941,38.54100929
-121.74819074,38.54103489
-121.74820331,38.54106065
-121.74821483,38.54108626
-121.7482283,38.54110926
-121.74823993,38.54113287
-121.74825225,38.54115592
-121.74826248,38.54117875
-121.74827292,38.54120386
-121.74828388,38.54123088
-121.74829579,38.54125651
-121.74830866,38.54128592
-121.74832089,38.54131569
-121.74832973,38.54134877
-121.74833841,38.54138309
-121.74834648,38.54141592
-121.7483522,38.54144617
-121.74835817,38.54147493
-121.74836364,38.5415024
-121.74837001,38.54153044
-121.74837847,38.54155814
-121.74838738,38.54158459
-121.74839648,38.54160838
-121.74840409,38.54163419
-121.7484125,38.54166124
-121.74842495,38.54168812
-121.74843857,38.5417176
-121.7484546,38.54174578
-121.74846931,38.54177621
-121.74848173,38.54180993
-121.74849001,38.54183781
-121.74849681,38.54185919
-121.74850552,38.54187685
-121.74851704,38.54188957
-121.74853137,38.54190097
-121.74854846,38.54190864
-121.74856798,38.54191338
-121.7485888,38.54191477
-121.74861266,38.54191462
-121.74863785,38.54191056
-121.74866508,38.54190203
-121.74869481,38.54189183
-121.74872566,38.54188016
-121.74876213,38.54186779
-121.748801,38.54185471
-121.74884152,38.54184335
-121.74888371,38.54183253
-121.74892709,38.54182155
-121.74896905,38.54181178
-121.749007,38.54180117
-121.74904405,38.5417893
-121.74908232,38.54177942
-121.74912296,38.54176968
-121.74916125,38.54176031
-121.74919778,38.54175375
-121.74923748,38.54175165
-121.74927688,38.54175328
-121.74931656,38.54176127
-121.74935702,38.54177664
-121.74939291,38.5417969
-121.74942077,38.5418284
-121.74944198,38.54186396
-121.74945533,38.54190182
-121.74945926,38.54194151
-121.74945467,38.54198088
-121.74944465,38.54201985
-121.74943032,38.54205893
-121.74941415,38.54209496
-121.74939776,38.54212762
-121.74938504,38.54215285
-121.74937485,38.54217409
-121.7493685,38.54219153
-121.74936775,38.54220694
-121.74937415,38.54222282
-121.74938137,38.54223612
-121.74938617,38.54224566
-121.74938719,38.54224949
-121.74938709,38.54224854
-121.74938866,38.54224585
-121.74939058,38.54224783
-121.74939244,38.54225104
-121.74939613,38.54225571
-121.74940313,38.5422634
-121.74940834,38.5422621
-121.74941341,38.54224953
-121.7494228,38.54222186
-121.74943426,38.54218315
-121.74944457,38.54213576
-121.74945077,38.54208402
-121.74945433,38.54203157
-121.74945655,38.54197839
-121.74945811,38.54192754
-121.74946176,38.54187534
-121.74946547,38.54182298
-121.74946636,38.54177159
-121.7494622,38.54172376
-121.7494578,38.54167504
-121.74945133,38.54162938
-121.74944369,38.54158494
-121.74943353,38.54154006
-121.74942177,38.541496
-121.74941034,38.54144807
-121.74939732,38.5413986
-121.74938539,38.54134575
-121.74937545,38.54131167
-121.74936704,38.541281
-121.74935957,38.54125495
-121.74935201,38.54122994
-121.74934209,38.54119885
-121.74933282,38.54117638
-121.74932132,38.5411541
-121.74930851,38.54112936
-121.74929914,38.54110916
-121.74929224,38.54108735
-121.74928346,38.54106609
-121.74927671,38.54104456
-121.7492698,38.54101961
-121.74926442,38.54100076
-121.74925898,38.54098134
-121.74925181,38.54096336
-121.74924272,38.54094602
-121.74923507,38.54093044
-121.74923463,38.54091292
-121.74924193,38.54089521
-121.74924143,38.5408849
-121.74924474,38.54087223
-121.74925106,38.54085498
-121.74926489,38.54083838
-121.74928348,38.54082202
-121.74929696,38.54080797
-121.74931061,38.54079374
-121.74932356,38.54077802
-121.74933651,38.54075898
-121.74935171,38.54073935
-121.74936968,38.5407197
-121.74938975,38.54070028
-121.74941365,38.54068031
-121.7494437,38.54065923
-121.74947887,38.54063623
-121.74951666,38.54061323
-121.74955633,38.54058997
-121.74959654,38.54056559
-121.74962941,38.54053989
-121.74965676,38.5405108
-121.74968051,38.54048047
-121.74970177,38.54045074
-121.7497236,38.54041889
-121.74974344,38.54038639
-121.74976224,38.54035515
-121.74977973,38.54032655
-121.74979867,38.54029775
-121.74982211,38.54027087
-121.74984778,38.54024597
-121.74988047,38.54022163
-121.74991539,38.54019938
-121.74994755,38.54017816
-121.74997807,38.54016122
-121.75000949,38.54015118
-121.75004211,38.54014351
-121.75007735,38.5401397
-121.75011225,38.54013408
-121.7501414,38.5401303
-121.75016745,38.54013113
-121.75019275,38.54013444
-121.75021571,38.54013781
-121.7502399,38.54014117
-121.75027048,38.54014294
-121.75030864,38.54014225
-121.7503547,38.54013895
-121.75040605,38.54013208
-121.75046069,38.5401243
-121.75051717,38.54011467
-121.75057667,38.54010631
-121.75063668,38.54009766
-121.75069449,38.54008698
-121.75075055,38.54007523
-121.75080364,38.54006359
-121.75085428,38.54005111
-121.75090357,38.5400381
-121.75095464,38.5400267
-121.75098935,38.54002059
-121.75101912,38.54001619
-121.75104526,38.54001383
-121.75106849,38.54001239
-121.7510911,38.54001019
-121.75111728,38.54000557
-121.75113499,38.54000259
-121.75115283,38.53999869
-121.75117179,38.53999396
-121.75119494,38.53998892
-121.75121549,38.53998524
-121.75124285,38.53997921
-121.75127672,38.53996989
-121.75131995,38.53995752
-121.7513695,38.53994353
-121.75141999,38.53992705
-121.75147352,38.53991131
-121.75153199,38.53989545
-121.75158974,38.53988009
-121.75164564,38.53986608
-121.75169736,38.53985284
-121.75174615,38.53983834
-121.75179034,38.53982303
-121.75183225,38.53980975
-121.75187233,38.53979879
-121.75190933,38.53979241
-121.75194404,38.53978971
-121.7519776,38.53978851
-121.75200754,38.53978961
-121.75203664,38.5397895
-121.75206445,38.53978903
-121.75209378,38.53978825
-121.75212177,38.53978678
-121.75214868,38.53978286
-121.75217127,38.53977862
-121.75219047,38.53977135
-121.75220644,38.53976179
-121.75222092,38.53974727
-121.75223193,38.5397272
-121.75223741,38.53970588
-121.75224054,38.53968275
-121.75224206,38.53965951
-121.75224399,38.53963512
-121.75224569,38.53960941
-121.75224487,38.53958242
-121.75223917,38.53955354
-121.7522321,38.53952243
-121.75222227,38.5394935
-121.75221033,38.53946769
-121.75219988,38.53944419
-121.75219043,38.53942202
-121.75217794,38.53939887
-121.75216475,38.53937607
-121.75215215,38.53935423
-121.752141,38.53933256
-121.75213407,38.539311
-121.7521311,38.53928756
-121.75213425,38.53926119
-121.75214439,38.53923629
-121.75215869,38.53921151
-121.7521767,38.53918802
-121.75219925,38.53916642
-121.75222591,38.5391462
-121.75225514,38.53912812
-121.75228663,38.53911642
-121.75232003,38.5391103
-121.75235694,38.53910657
-121.75239572,38.5391053
-121.75243361,38.53910728
-121.75247109,38.53911311
-121.75251052,38.53911787
-121.75255299,38.53912318
-121.75259672,38.53912961
-121.7526398,38.53913536
-121.75268044,38.53913627
-121.75271434,38.53913245
-121.75274392,38.53912423
-121.75277036,38.53911263
-121.75279379,38.53909679
-121.75280975,38.5390791
-121.7528211,38.53906084
-121.75282967,38.53904513
-121.75283881,38.53903404
-121.75285004,38.53902509
-121.75286384,38.53901758
-121.75288091,38.53900847
-121.75289584,38.53899945
-121.75291315,38.53898978
-121.75293077,38.53898169
-121.7529477,38.53897471
-121.75296381,38.53896811
-121.75298139,38.53896249
-121.75300411,38.53896051
-121.75302944,38.53895899
-121.75305959,38.53895929
-121.75309082,38.53895879
-121.75312449,38.53895757
-121.75316097,38.53895714
-121.75319877,38.53895579
-121.75323615,38.5389541
-121.75327413,38.5389505
-121.75331192,38.53894646
-121.75335084,38.53894449
-121.75339189,38.53894363
-121.75343235,38.53894522
-121.75347104,38.53894972
-121.75351072,38.53895423
-121.75354683,38.53896066
-121.75357684,38.5389702
-121.75360439,38.53897803
-121.75363143,38.53898574
-121.75365755,38.53899578
-121.75368192,38.539008
-121.75370534,38.53901978
-121.75372756,38.5390289
-121.75374857,38.53903635
-121.75376898,38.53904967
-121.75378748,38.53906453
-121.75380456,38.5390774
-121.75382041,38.53908818
-121.75383834,38.53909454
-121.75385851,38.53909902
-121.75387981,38.53909992
-121.75390403,38.53910135
-121.75393063,38.5391048
-121.75395923,38.53910872
-121.75398779,38.5391107
-121.75401698,38.53911357
-121.75404751,38.5391133
-121.75407977,38.53911197
-121.7541149,38.53909862
-121.75415061,38.53907653
-121.75418112,38.53904935
-121.75420794,38.53901954
-121.75423389,38.5389871
-121.75425986,38.53896069
-121.754284,38.53894003
-121.75430859,38.53892612
-121.75433362,38.53891396
-121.75435839,38.53890247
-121.7543836,38.53889212
-121.75441018,38.53888363
-121.75443576,38.53887656
-121.75446299,38.53887028
-121.75449112,38.5388638
-121.75452134,38.53885932
-121.75455262,38.53885766
-121.75458528,38.53885732
-121.75462182,38.53885873
-121.75465946,38.53886157
-121.75469802,38.53886513
-121.75473891,38.53887187
-121.75478169,38.53888115
-121.75482781,38.53889174
-121.7548721,38.53890122
-121.75491206,38.53891143
-121.75494958,38.53892131
-121.75498632,38.53893011
-121.75502112,38.5389377
-121.75505632,38.53894413
-121.75509359,38.53894851
-121.7551315,38.53895194
-121.75516898,38.53895448
-121.75520634,38.53895507
-121.75524403,38.53895593
-121.75527902,38.53895559
-121.75531349,38.53895471
-121.75534892,38.5389523
-121.75538417,38.53894902
-121.7554197,38.53894597
-121.75545075,38.53894373
-121.75548127,38.5389417
-121.75551395,38.53894168
-121.75554756,38.53894404
-121.75558195,38.53894638
-121.75561556,38.53894879
-121.75564849,38.53895241
-121.75567991,38.53895535
-121.75571241,38.5389594
-121.75573859,38.53896274
-121.75576357,38.53896715
-121.75579139,38.53897118
-121.75581954,38.53897498
-121.75584882,38.53897715
-121.75587814,38.53897845
-121.75590947,38.53897927
-121.75594273,38.53898189
-121.75597825,38.53898503
-121.75601476,38.53898981
-121.75605027,38.53899326
-121.75608649,38.53899513
-121.75612065,38.53899293
-121.75615277,38.53898612
-121.75617684,38.53897506
-121.75619863,38.53896245
-121.75621501,38.5389482
-121.75623169,38.53893263
-121.75624507,38.53891429
-121.75625684,38.53889295
-121.75626899,38.53887424
-121.75627991,38.53885575
-121.75628896,38.53883863
-121.75629568,38.53882389
-121.75629925,38.53881075
-121.75630278,38.53879518
-121.75630741,38.53877915
-121.75631403,38.53876198
-121.75632212,38.5387442
-121.75632949,38.53872733
-121.7563393,38.53871142
-121.7563509,38.53869497
-121.75635897,38.53868306
-121.756364,38.53867032
-121.75636329,38.53865876
-121.75635765,38.53864862
-121.7563495,38.53863956
-121.75633936,38.53863197
-121.75632678,38.53862432
-121.75631241,38.53861655
-121.75629723,38.53860818
-121.75628421,38.53859905
-121.75627178,38.53858914
-121.75626116,38.53857655
-121.75625294,38.53856182
-121.75624778,38.53854467
-121.75624441,38.53853059
-121.75623925,38.53851946
-121.75623472,38.5385092
-121.7562285,38.53849734
-121.75622251,38.53848464
-121.75621536,38.53847129
-121.75620707,38.53845875
-121.75619735,38.53844587
-121.75618655,38.53843209
-121.75617984,38.53842167
-121.75617386,38.53841083
-121.7561678,38.53839825
-121.75616183,38.53838149
-121.75615393,38.53836249
-121.75614597,38.53833852
-121.75613721,38.53831362
-121.75613019,38.53828644
-121.75612188,38.5382587
-121.75611397,38.53823285
-121.75610326,38.53820821
-121.75609236,38.53818382
-121.75608141,38.5381582
-121.75607493,38.5381321
-121.75607312,38.53809808
-121.7560723,38.53806219
-121.75607458,38.53802674
-121.75608525,38.53799038
-121.75610515,38.53795332
-121.75612229,38.53791592
-121.75614069,38.53787984
-121.75615742,38.53784838
-121.75617725,38.537817
-121.75620138,38.53778814
-121.7562312,38.53776256
-121.7562641,38.53774054
-121.75630322,38.53772307
-121.75634719,38.53771107
-121.75639518,38.5377019
-121.75644751,38.53769809
-121.75650354,38.53769116
-121.75655649,38.53768096
-121.75660301,38.53766816
-121.75664355,38.53765207
-121.7566771,38.53763501
-121.75670403,38.53761702
-121.75672818,38.53759848
-121.75674837,38.53757879
-121.75676324,38.53755714
-121.75677696,38.53753149
-121.7567933,38.53750565
-121.75681237,38.5374797
-121.75683335,38.53745469
-121.7568542,38.53743378
-121.75687751,38.53741596
-121.75689952,38.5373999
-121.75691616,38.53738368
-121.75692945,38.5373681
-121.75693965,38.53735359
-121.75694412,38.53733919
-121.75694477,38.53732341
-121.75694201,38.53730526
-121.75693758,38.53728535
-121.75692865,38.53726664
-121.75691755,38.53724377
-121.75690457,38.53721868
-121.75689371,38.53719214
-121.75688547,38.53716727
-121.75688157,38.53714157
-121.75688097,38.53711259
-121.75688594,38.53708548
-121.75689849,38.53705912
-121.75691047,38.53703756
-121.75692722,38.53701861
-121.75695493,38.53700169
-121.75697663,38.53698751
-121.75699482,38.53697296
-121.75700854,38.53695969
-121.75702193,38.53694719
-121.75703661,38.53693154
-121.75704904,38.53691172
-121.75705753,38.53689788
-121.75706487,38.53688404
-121.75706874,38.53686931
-121.7570683,38.53685145
-121.75706939,38.53683361
-121.75707455,38.53681356
-121.75708037,38.53679392
-121.75708561,38.53677347
-121.75708823,38.53675252
-121.7570925,38.53673425
-121.75709169,38.53672134
-121.75708475,38.53671353
-121.75707746,38.5367072
-121.75706382,38.53670016
-121.7570513,38.53669552
-121.75703575,38.53668969
-121.75702008,38.53668526
-121.75700319,38.53668137
-121.7569854,38.53667634
-121.7569639,38.53666782
-121.75693926,38.53665541
-121.75691502,38.53663914
-121.75689519,38.5366231
-121.75687743,38.53660407
-121.7568617,38.53658296
-121.75684958,38.53655653
-121.75684195,38.53652488
-121.75684177,38.53649259
-121.75684715,38.53646179
-121.75685835,38.5364332
-121.7568765,38.53640758
-121.75690192,38.53638437
-121.75693189,38.53636427
-121.75696378,38.53634834
-121.75699741,38.53633498
-121.75703432,38.53632358
-121.75707305,38.53631412
-121.75710927,38.53630508
-121.75714268,38.53629637
-121.75717094,38.53628679
-121.75719085,38.53627698
-121.75720481,38.53626488
-121.75721487,38.53625174
-121.75721453,38.53623758
-121.75721065,38.536222
-121.75720166,38.53619422
-121.75719225,38.5361576
-121.75718601,38.53611602
-121.75718278,38.53607264
-121.7571909,38.53603415
-121.75720582,38.53599784
-121.75723222,38.53596768
-121.75725356,38.53594479
-121.75726859,38.53593074
-121.75728346,38.53592149
-121.75729859,38.53591744
-121.75731159,38.5359198
-121.75731857,38.53592456
-121.75731966,38.53592848
-121.7573156,38.53593403
-121.75730839,38.53594122
-121.75729701,38.53594293
-121.75728596,38.53593892
-121.75727713,38.53593688
-121.75727353,38.53593244
-121.75727256,38.53592446
-121.75727195,38.53591529
-121.75727174,38.53590389
-121.75726678,38.53588792
-121.75725866,38.53586684
-121.75724714,38.53583928
-121.75723566,38.53581039
-121.75723161,38.5357868
-121.75723034,38.53576195
-121.75722784,38.53573684
-121.75722705,38.53570948
-121.75722563,38.53568093
-121.75722403,38.53564995
-121.75722214,38.53561559
-121.75721743,38.5355811
-121.75721101,38.53554277
-121.75720503,38.5355029
-121.75720184,38.53546207
-121.75720383,38.53542299
-121.75721726,38.53538456
-121.75724325,38.5353518
-121.75727378,38.53532205
-121.75730742,38.53529726
-121.75734393,38.53527793
-121.75738425,38.53526263
-121.75741429,38.53525544
-121.75744266,38.53524967
-121.75746775,38.53524541
-121.75749073,38.53524232
-121.75751617,38.53523919
-121.75753789,38.53523735
-121.75755904,38.53523707
-121.75758162,38.53523855
-121.75760307,38.53523924
-121.75762393,38.53523826
-121.75764456,38.53523432
-121.75766454,38.53522723
-121.75768302,38.5352157
-121.75769117,38.53520337
-121.75769925,38.53518578
-121.75770558,38.53516516
-121.75771344,38.53515123
-121.75772186,38.53513986
-121.75772796,38.53513083
-121.75773279,38.53512242
-121.75773565,38.5351097
-121.75773656,38.53509419
-121.75773487,38.53507433
-121.75773195,38.53505252
-121.7577303,38.53503053
-121.75773337,38.53500902
-121.75774106,38.53498661
-121.75775333,38.53496747
-121.75777261,38.5349483
-121.75779565,38.53493175
-121.75782069,38.53491933
-121.75784963,38.53490923
-121.7578817,38.53489972
-121.75791581,38.53489725
-121.7579507,38.53489612
-121.75798783,38.53489558
-121.7580286,38.53489464
-121.75806489,38.53489249
-121.75809431,38.53489065
-121.75811827,38.53488931
-121.75813748,38.53488751
-121.75815172,38.53488601
-121.75816206,38.53488468
-121.75816975,38.5348858
-121.75817481,38.53488974
-121.75817754,38.53489529
-121.75818029,38.53489754
-121.7581802,38.53489747
-121.75817984,38.53489664
-121.75818031,38.53489636
-121.75817224,38.53489388
-121.75816463,38.53488388
-121.75815951,38.53487146
-121.75815447,38.53486121
-121.75814842,38.53485312
-121.75813281,38.53484797
-121.7581106,38.5348511
-121.75808247,38.5348599
-121.75805557,38.53487648
-121.7580333,38.53489992
-121.75801431,38.53493005
-121.75799651,38.53496821
-121.75798156,38.53501389
-121.75797201,38.5350621
-121.75796522,38.53511201
-121.75795569,38.53516694
-121.75794515,38.53522346
-121.75793651,38.5352565
-121.75793086,38.5352873
-121.75792621,38.53531781
-121.75792645,38.53535419
-121.75792814,38.53538248
-121.75792904,38.53541077
-121.75792701,38.53544323
-121.7579236,38.53547319
-121.75791784,38.53550755
-121.75790894,38.53554737
-121.75790811,38.53558547
-121.75791668,38.53562234
-121.75793227,38.53565559
-121.75795962,38.53568608
-121.75799415,38.53571276
-121.75802847,38.53573646
-121.75805971,38.53575885
-121.75808708,38.53577912
-121.75811321,38.53580136
-121.75814122,38.53582873
-121.75817253,38.53585448
-121.75820644,38.53587903
-121.75824144,38.53590001
-121.75827615,38.53591757
-121.75831307,38.53593176
-121.75835436,38.53594324
-121.75839855,38.53595187
-121.75844508,38.53595842
-121.75849458,38.53596273
-121.758545,38.53596654
-121.75859761,38.53597089
-121.75865069,38.53597581
-121.75870245,38.53597864
-121.75874942,38.53597926
-121.75878778,38.53597908
-121.7588191,38.53597742
-121.75884222,38.53597325
-121.75885883,38.53596733
-121.75887062,38.53596082
-121.75887831,38.53595467
-121.7588814,38.53594621
-121.75888171,38.53593624
-121.7588783,38.53592479
-121.75887145,38.53591393
-121.75886318,38.53590054
-121.75885463,38.53588582
-121.75884617,38.53587116
-121.75883783,38.53585795
-121.75883011,38.53584512
-121.75882092,38.53583587
-121.75881343,38.53582512
-121.75880555,38.53581527
-121.75879891,38.53580521
-121.75879413,38.53579566
-121.75878888,38.53578352
-121.75878586,38.53577049
-121.75878428,38.53575691
-121.75877751,38.53573971
-121.75877193,38.5357274
-121.75876615,38.53571883
-121.75875653,38.53571372
-121.75874297,38.53570975
-121.75872636,38.53570628
-121.75870663,38.53570448
-121.75868617,38.53570355
-121.75866362,38.53570194
-121.75864023,38.53570053
-121.75861578,38.53570028
-121.75859338,38.53570179
-121.75857349,38.53570433
-121.75855715,38.53570732
-121.75854225,38.53571092
-121.75853141,38.53571722
-121.75852273,38.53572508
-121.75851428,38.53573552
-121.7585042,38.53574277
-121.75849242,38.53574587
-121.75847959,38.53574695
-121.75846372,38.53574822
-121.75844672,38.53574862
-121.75842649,38.53574855
-121.75840473,38.53574864
-121.75838259,38.53574921
-121.75836076,38.53574901
-121.75833982,38.53574688
-121.75832437,38.53574524
-121.75831239,38.53574342
-121.75830252,38.5357406
-121.75829015,38.53573494
-121.75827819,38.53572785
-121.75826395,38.53571986
-121.75824816,38.53571143
-121.75823106,38.53570472
-121.75821073,38.53569988
-121.75818593,38.5356963
-121.75815682,38.5356921
-121.75812419,38.53568759
-121.75808822,38.53568389
-121.7580521,38.53568074
-121.75801598,38.53567706
-121.75798001,38.53567295
-121.75794493,38.5356675
-121.75791307,38.53565742
-121.75788604,38.53564469
-121.75786316,38.53562982
-121.75784352,38.5356135
-121.75782546,38.53559308
-121.75781137,38.53557034
-121.7578017,38.53554728
-121.75779616,38.53552611
-121.75779312,38.53550669
-121.75779229,38.53548735
-121.7577937,38.53546813
-121.75779671,38.53544925
-121.75779992,38.53543181
-121.75780223,38.53541803
-121.75780523,38.53540753
-121.75781084,38.53540013
-121.75781661,38.53539407
-121.75782163,38.53538925
-121.75782665,38.53538562
-121.75783131,38.53538363
-121.7578323,38.53538067
-121.75783337,38.53537871
-121.75783023,38.53537438
-121.75782761,38.53537125
-121.75782542,38.53536927
-121.75782361,38.53536824
-121.75781956,38.53536037
-121.75781877,38.53536439
-121.75781543,38.53534223
-121.75781561,38.53533195
-121.75781568,38.53532482
-121.75781569,38.53531951
-121.75781571,38.53531539
-121.75781473,38.53530344
-121.75781542,38.53530472
-121.75781572,38.53530356
-121.75781621,38.53530513
-121.75781657,38.53530628
-121.75781686,38.53530722
-121.7578171,38.53530808
-121.7578173,38.53530816
-121.75780163,38.53528905
-121.75779439,38.53528287
-121.7577899,38.53527892
-121.75778673,38.53527608
-121.75777787,38.53527045
-121.75777089,38.53526604
-121.75774807,38.53525215
-121.7577489,38.53525462
-121.75774904,38.53525582
-121.75774354,38.53525581
-121.75774021,38.53525784
-121.75773918,38.53525969
-121.75774319,38.53526256
-121.75774628,38.53526138
-121.75774774,38.53525447
-121.75774682,38.53524543
-121.75774349,38.53523469
-121.75773301,38.53522587
-121.75771744,38.53522162
-121.75769744,38.53522008
-121.7576706,38.53522117
-121.75763934,38.53522654
-121.7576065,38.53523263
-121.75756903,38.53524002
-121.75752906,38.53524863
-121.75749084,38.53525506
-121.75745121,38.53526072
-121.75741034,38.53526733
-121.75736969,38.53527635
-121.75733364,38.53529184
-121.75730624,38.53531364
-121.75728561,38.53533152
-121.7572673,38.53535047
-121.75725489,38.53537145
-121.75725156,38.53539342
-121.75724988,38.53541785
-121.75724811,38.53544225
-121.75724666,38.5354639
-121.75724724,38.53548579
-121.7572474,38.53550577
-121.75724792,38.5355218
-121.75724563,38.53554162
-121.75724333,38.53556027
-121.75724005,38.53557717
-121.75723816,38.53559475
-121.75724003,38.53561107
-121.75724511,38.53562465
-121.75725081,38.53564048
-121.75725717,38.53566017
-121.75726318,38.53568118
-121.75726848,38.53570399
-121.75727204,38.53572831
-121.75727257,38.53575533
-121.75727451,38.53578269
-121.75727709,38.53581225
-121.75727192,38.53584215
-121.75725853,38.53587113
-121.75723951,38.5359288
-121.75724109,38.53595483
-121.75724858,38.53597926
-121.75725298,38.53600069
-121.75724935,38.53602257
-121.75724378,38.53604262
-121.75723925,38.53606369
-121.75723509,38.53608649
-121.75723157,38.53611211
-121.75723034,38.53613853
-121.75722944,38.53616384
-121.75722161,38.53618202
-121.75720545,38.53619808
-121.75718088,38.53621522
-121.7571514,38.53623214
-121.75711917,38.53624848
-121.75708304,38.53626022
-121.75704885,38.53626243
-121.75701605,38.53625907
-121.75698251,38.53625654
-121.75694871,38.53625593
-121.75691369,38.53625702
-121.75687664,38.53626122
-121.75683966,38.53626877
-121.75680858,38.5362806
-121.75678706,38.53629698
-121.75677265,38.53631602
-121.75676468,38.5363366
-121.75676274,38.53635801
-121.75676691,38.53638013
-121.75677522,38.53640416
-121.75678852,38.53642923
-121.75680889,38.53645516
-121.75683276,38.53648146
-121.75685986,38.53650923
-121.7568906,38.53653531
-121.75692815,38.53655552
-121.7569724,38.53657029
-121.7570207,38.53658045
-121.75707458,38.53658895
-121.75713218,38.53659288
-121.75719578,38.53659298
-121.75726361,38.5365935
-121.75733419,38.53659282
-121.75739386,38.53659187
-121.75744997,38.53658825
-121.75750174,38.53658496
-121.757544,38.53658066
-121.75760561,38.53657209
-121.75767588,38.53656656
-121.75775132,38.53656004
-121.75783145,38.53655473
-121.75790606,38.53654692
-121.75798339,38.53653862
-121.75805725,38.5365309
-121.75812885,38.53652321
-121.75819734,38.53651511
-121.75826339,38.53650858
-121.75832548,38.53650262
-121.75838354,38.53649867
-121.75843748,38.53649759
-121.75848665,38.53649784
-121.75853289,38.53649792
-121.75857718,38.53649692
-121.75861805,38.53649672
-121.75865358,38.5364956
-121.75868738,38.53649399
-121.75871843,38.53649239
-121.75874846,38.5364923
-121.75877582,38.53649396
-121.75880331,38.53649619
-121.75882866,38.53649846
-121.75885134,38.53650071
-121.75887356,38.53650592
-121.75888842,38.53651702
-121.75889702,38.53653083
-121.75890161,38.5365449
-121.75890297,38.53655898
-121.75890121,38.53657396
-121.75889608,38.53658881
-121.75888921,38.53660302
-121.75888157,38.53661657
-121.75887309,38.53663025
-121.75886397,38.53664358
-121.75885587,38.53665576
-121.75884837,38.53666713
-121.75884097,38.5366757
-121.75883359,38.53668284
-121.75882534,38.53668938
-121.75881714,38.53669413
-121.75881032,38.53669867
-121.75880559,38.53670068
-121.75880181,38.53670157
-121.75879587,38.53670139
-121.75879293,38.53669617
-121.75879038,38.5366905
-121.75878809,38.53668567
-121.75878478,38.53668311
-121.75878178,38.53667985
-121.75877933,38.53667526
-121.75877741,38.53667127
-121.75877595,38.53666764
-121.75877492,38.5366645
-121.75877522,38.53666151
-121.75877521,38.53665941
-121.75877472,38.536658
-121.75877452,38.5366571
-121.75877502,38.53665628
-121.75877586,38.53665489
-121.75877669,38.53665226
-121.75877643,38.53664905
-121.75877656,38.53664462
-121.75877577,38.53663757
-121.75877464,38.53662882
-121.75877414,38.53661891
-121.75877426,38.53660767
-121.75877417,38.53659668
-121.7587748,38.53658583
-121.75877574,38.5365748
-121.75877646,38.53656373
-121.75877742,38.53655394
-121.75877829,38.53654474
-121.75878047,38.53653681
-121.75878304,38.53652976
-121.75878549,38.53652379
-121.75878782,38.53651742
-121.75878988,38.53651041
-121.75878958,38.53650398
-121.7587865,38.53649877
-121.75878115,38.53649575
-121.75877407,38.5364938
-121.75876571,38.53649288
-121.75875757,38.53649326
-121.75875036,38.53649408
-121.75874132,38.53649826
-121.75873407,38.53650212
-121.75872532,38.53650785
-121.75871759,38.53651295
-121.75870782,38.53651734
-121.75869709,38.53652082
-121.75868276,38.53652302
-121.75866341,38.53652538
-121.75864019,38.53652792
-121.75861491,38.53653002
-121.75858511,38.53653169
-121.75855261,38.53653343
-121.75851933,38.53653472
-121.75848613,38.53653678
-121.75845343,38.53653987
-121.75842039,38.53654357
-121.75838237,38.53654531
-121.75834152,38.53654583
-121.75829866,38.53654562
-121.7582532,38.53654581
-121.75820613,38.53654627
-121.75815791,38.53654673
-121.75810895,38.53654882
-121.7580598,38.53655134
-121.75800862,38.53655301
-121.75795876,38.53655312
-121.7579153,38.53655436
-121.75787597,38.53655559
-121.75783626,38.53655985
-121.75780334,38.53656305
-121.75777059,38.53656489
-121.75774234,38.53656952
-121.75771369,38.53657682
-121.75768941,38.53658427
-121.75766215,38.53658814
-121.75763054,38.53658987
-121.75758781,38.53658944
-121.7575393,38.53658549
-121.75735272,38.53658018
-121.7573033,38.53657788
-121.75725512,38.53657462
-121.75720746,38.53657104
-121.75716287,38.53656573
-121.75712217,38.53655891
-121.75708299,38.53655085
-121.75704697,38.53654078
-121.75701107,38.53652693
-121.75697692,38.53651277
-121.75694369,38.53649453
-121.75691112,38.53647357
-121.75688195,38.5364474
-121.75685353,38.53641452
-121.75682762,38.53637532
-121.75680529,38.53633453
-121.75678687,38.53629234
-121.7567706,38.53624909
-121.75675607,38.53620703
-121.75674321,38.53616768
-121.75672906,38.53613175
-121.75671154,38.53609942
-121.75668727,38.53607508
-121.75665999,38.5360608
-121.75663154,38.53605158
-121.75659895,38.5360464
-121.75656319,38.53604637
-121.7565259,38.53605036
-121.75648921,38.53605768
-121.75645206,38.53606701
-121.75641238,38.53607817
-121.75637096,38.53609133
-121.7563292,38.53610447
-121.75628727,38.53611878
-121.75624442,38.53613446
-121.7562004,38.53615197
-121.75615543,38.53616922
-121.75611025,38.53618648
-121.7560653,38.53620263
-121.75602057,38.53621735
-121.75597583,38.53622874
-121.75593042,38.53623918
-121.75588406,38.53624836
-121.75583756,38.53625682
-121.75579191,38.53626484
-121.75574666,38.53627375
-121.75570322,38.53628167
-121.75566252,38.53628831
-121.7556252,38.53629468
-121.7555925,38.53629863
-121.75556427,38.53630135
-121.75553842,38.53630492
-121.75551168,38.53630753
-121.75548582,38.53630838
-121.7554591,38.53630838
-121.75543115,38.5363091
-121.7554026,38.53631082
-121.75537469,38.53631368
-121.75534926,38.53631683
-121.75532764,38.53631836
-121.75531182,38.53631803
-121.75529976,38.53631551
-121.75529075,38.53631243
-121.75528409,38.53630967
-121.7552755,38.53630642
-121.75526356,38.53630248
-121.75524815,38.53630038
-121.75523068,38.5362986
-121.75521228,38.5362955
-121.75519324,38.53629101
-121.75517377,38.53628475
-121.75515294,38.5362775
-121.75512966,38.53627447
-121.75510525,38.53627281
-121.75507781,38.53627294
-121.75504804,38.53627501
-121.75501568,38.53627968
-121.75497927,38.53628678
-121.75494078,38.53629588
-121.75489955,38.5363032
-121.75485277,38.53631144
-121.75480302,38.53632039
-121.75475039,38.5363298
-121.75470158,38.5363379
-121.75465746,38.53634389
-121.7546155,38.53634919
-121.75457338,38.53635581
-121.75452995,38.53636262
-121.75448836,38.53636878
-121.75444846,38.53637388
-121.75440911,38.53637867
-121.7543692,38.53638111
-121.75432564,38.53638551
-121.75427759,38.5363923
-121.75422996,38.53640317
-121.75418421,38.53641861
-121.75414071,38.53643576
-121.7540937,38.53645339
-121.75404645,38.53647018
-121.75399818,38.53648652
-121.75395113,38.53650371
-121.75390251,38.53652119
-121.75385311,38.53653563
-121.75380481,38.53654871
-121.75375661,38.53656108
-121.75370465,38.53656886
-121.75365145,38.53657709
-121.75359541,38.53658455
-121.75353908,38.53659084
-121.75348463,38.53659843
-121.75342638,38.53660571
-121.75336859,38.53661417
-121.75331269,38.53662413
-121.7532578,38.53663523
-121.75320222,38.53664482
-121.75314553,38.53665157
-121.75309182,38.53665956
-121.75304273,38.53666977
-121.7529912,38.53668032
-121.75293861,38.5366883
-121.75288666,38.53669657
-121.75283283,38.5367094
-121.75277613,38.5367203
-121.75271995,38.53673072
-121.75266281,38.53673878
-121.75260293,38.53674669
-121.75254568,38.53675566
-121.75248834,38.53676577
-121.75243357,38.53677672
-121.75237927,38.53678586
-121.75232639,38.53679631
-121.75227307,38.53680477
-121.75222121,38.53681418
-121.75217119,38.5368212
-121.75212357,38.53682555
-121.75207923,38.53682785
-121.75204043,38.5368283
-121.75200446,38.53682638
-121.75197261,38.53682391
-121.75194788,38.53682156
-121.75192901,38.53681791
-121.75191351,38.53681397
-121.75189973,38.53681111
-121.75188846,38.53680937
-121.75187577,38.53680755
-121.75185989,38.53680869
-121.75184438,38.53681151
-121.751825,38.53681575
-121.75180068,38.53682035
-121.75177245,38.53682625
-121.75173765,38.53683283
-121.75169977,38.53683993
-121.75165797,38.53684773
-121.7516142,38.53685594
-121.75157132,38.53686448
-121.7515291,38.53687411
-121.75148485,38.53688309
-121.75144316,38.53689185
-121.75140059,38.53689972
-121.75135734,38.53690609
-121.75131672,38.53691226
-121.75127603,38.53691877
-121.75123697,38.5369243
-121.7512011,38.53692956
-121.75116677,38.53693578
-121.75113526,38.53694348
-121.75110519,38.53695254
-121.75107736,38.53696087
-121.75105237,38.5369688
-121.75102577,38.53697327
-121.75100158,38.53697673
-121.75097452,38.53698051
-121.75094734,38.53698504
-121.75091701,38.53699087
-121.75088568,38.53699784
-121.75085553,38.53700347
-121.75082494,38.53700936
-121.75079492,38.53701575
-121.75076173,38.537024
-121.75072719,38.53703312
-121.75069255,38.53704263
-121.75065338,38.53705025
-121.75061126,38.53706111
-121.75056312,38.53707356
-121.75051183,38.53708873
-121.75045786,38.53710427
-121.75040022,38.53711974
-121.75034146,38.53713654
-121.75028114,38.53715384
-121.75022017,38.53717065
-121.75015751,38.53718665
-121.75009315,38.53720064
-121.75002932,38.53721617
-121.7499692,38.53723353
-121.74990843,38.53725003
-121.74985059,38.53726829
-121.74979296,38.53728525
-121.74973401,38.53730244
-121.74967835,38.53731824
-121.74962282,38.53733297
-121.74956459,38.53734707
-121.74950981,38.53736028
-121.74945752,38.5373718
-121.7494072,38.53738324
-121.74935959,38.53739458
-121.74931258,38.537405
-121.74926773,38.53741462
-121.74922446,38.53742138
-121.74918332,38.53742498
-121.749145,38.53742671
-121.74911067,38.53742525
-121.74907996,38.53742268
-121.74904922,38.53742204
-121.74901555,38.53741988
-121.74898938,38.53741756
-121.74896389,38.53741703
-121.74894007,38.53741594
-121.7489156,38.53741336
-121.74888848,38.53741054
-121.7488623,38.53741106
-121.74883951,38.53741404
-121.74881824,38.53742073
-121.74879958,38.53742946
-121.74878284,38.53743916
-121.74876546,38.53744693
-121.74875076,38.53745269
-121.74873867,38.53745174
-121.7487289,38.53744396
-121.74872042,38.5374303
-121.74871274,38.53741037
-121.74870513,38.53738583
-121.74869725,38.53736011
-121.74869109,38.53733739
-121.74868673,38.53731324
-121.74868154,38.53729029
-121.74867791,38.53726727
-121.74867729,38.53724487
-121.74867574,38.53722045
-121.74867403,38.53719214
-121.74867209,38.53715798
-121.7486682,38.53712128
-121.7486605,38.5370859
-121.74864922,38.53704621
-121.74863792,38.53700899
-121.74862895,38.53697431
-121.74861668,38.53694416
-121.74860122,38.53691586
-121.74858657,38.53688781
-121.74857104,38.53686284
-121.74855444,38.53684207
-121.74853769,38.53682201
-121.74852086,38.53680442
-121.74850564,38.53678931
-121.74849454,38.53677911
-121.74848507,38.53677365
-121.74847813,38.53677113
-121.74847335,38.53677246
-121.74847077,38.53677619
-121.74846766,38.53677926
-121.74846581,38.53678452
-121.74846288,38.53679139
-121.74846116,38.53679875
-121.74846015,38.53680651
-121.74845888,38.53681434
-121.74845546,38.53682325
-121.74845302,38.53683339
-121.74844847,38.53684517
-121.74844176,38.53685831
-121.74842898,38.53687223
-121.74840785,38.53689246
-121.74838189,38.53691882
-121.74835298,38.53695004
-121.74832031,38.53698814
-121.74828918,38.53703347
-121.74826203,38.53708384
-121.7482424,38.53713725
-121.74822788,38.5371913
-121.74821822,38.53724316
-121.74821329,38.53729033
-121.74821214,38.5373347
-121.74821646,38.53737646
-121.74822449,38.53741581
-121.74823388,38.53745114
-121.74824421,38.53748331
-121.74825368,38.53751524
-121.74826222,38.53754571
-121.74827088,38.53757628
-121.74828027,38.53760595
-121.74828943,38.5376338
-121.74829671,38.53765897
-121.74830361,38.53768046
-121.74830909,38.53769825
-121.7483141,38.5377139
-121.74831847,38.53772611
-121.74832154,38.53773694
-121.74832351,38.53774601
-121.74832427,38.53775384
-121.74832375,38.5377612
-121.74832208,38.53776867
-121.74831838,38.5377764
-121.74831534,38.53778391
-121.74831017,38.53779188
-121.74830008,38.53780281
-121.74828644,38.53781481
-121.74827159,38.5378276
-121.7482553,38.53783952
-121.74823687,38.53785011
-121.7482173,38.53785982
-121.74819813,38.53786787
-121.74817894,38.53787381
-121.74816053,38.53787817
-121.74814646,38.53788094
-121.74813384,38.53788287
-121.74812396,38.53788318
-121.74811654,38.5378807
-121.74811123,38.53787781
-121.74810771,38.53787469
-121.74810266,38.53786932
-121.74809863,38.53786406
-121.74809595,38.5378596
-121.7480949,38.53785531
-121.74809439,38.53785054
-121.74809538,38.5378463
-121.74809684,38.53784263
-121.74809862,38.53783949
-121.74810062,38.53783686
-121.74810215,38.53783687
-121.74810378,38.53783703
-121.74810544,38.5378373
-121.74810707,38.53783764
-121.74810863,38.53783803
-121.74811252,38.53784062
-121.74811588,38.53784305
-121.74811873,38.53784518
-121.74812279,38.53785135
-121.74812424,38.53785451
-121.74812425,38.53785734
-121.74812415,38.53785952
-121.74812601,38.53786217
-121.74812807,38.53786527
-121.74812913,38.53786923
-121.74813087,38.53787273
-121.74813226,38.53787459
-121.7481338,38.53787612
-121.74813526,38.53787673
-121.74813644,38.53787707
-121.74813617,38.53787526
-121.7481357,38.53787343
-121.74813768,38.53786988
-121.74813859,38.53786641
-121.74814031,38.53786254
-121.74814187,38.537859
-121.74814211,38.53785661
-121.74814186,38.53785504
-121.74814273,38.53785388
-121.74814339,38.53785302
-121.74814523,38.53785047
-121.74814497,38.53785095
-121.74814481,38.53785124
-121.74814517,38.53785081
-121.74814121,38.5378503
-121.74814339,38.5378591
-121.74814409,38.53786441
-121.74814372,38.53786772
-121.7481435,38.53786989
-121.74814298,38.53786981
-121.74814249,38.53786911
-121.74814205,38.53786885
-121.7481417,38.53786817
-121.74814143,38.5378676
-121.74813844,38.53786623
-121.74813487,38.5378655
-121.74813125,38.53786456
-121.74812942,38.53786436
-121.74812798,38.53786456
-121.74812704,38.53786421
-121.74812514,38.53786333
-121.74812444,38.53786399
-121.74812607,38.53786426
-121.74812921,38.53786455
-121.74813324,38.53786602
-121.74813838,38.53786923
-121.74814473,38.53787377
-121.74815169,38.53788101
-121.74816067,38.53788948
-121.74816889,38.53789856
-121.74817555,38.53790778
-121.74818129,38.53791672
-121.74818717,38.53792688
-121.74819244,38.53793743
-121.748198,38.5379499
-121.74820356,38.53796294
-121.74820903,38.53797566
-121.74821393,38.53798718
-121.74821896,38.53799708
-121.74822258,38.5380061
-121.74822638,38.53801501
-121.74822995,38.53802253
-121.74823307,38.53802976
-121.74823594,38.53803626
-121.74823816,38.53804079
-121.7482404,38.5380425
-121.74824321,38.53804306
-121.74824709,38.53804353
-121.74825064,38.53804365
-121.74825509,38.5380448
-121.74825778,38.53804523
-121.7482599,38.53804501
-121.74826168,38.5380451
-121.74826382,38.53804796
-121.74826804,38.53805027
-121.74827581,38.53805156
-121.74828476,38.53805391
-121.74829414,38.53805331
-121.74830396,38.5380518
-121.74831477,38.53804949
-121.74832786,38.53804696
-121.74834148,38.53804452
-121.74835628,38.53804052
-121.74837297,38.53803527
-121.74839059,38.53802884
-121.74841037,38.53802185
-121.74843104,38.53801299
-121.74845095,38.53800274
-121.74847204,38.53799175
-121.74849354,38.53797859
-121.74851395,38.53796565
-121.7485325,38.53795194
-121.74854966,38.53793594
-121.74856532,38.53791862
-121.74857844,38.5379012
-121.74859002,38.53788096
-121.74859945,38.53786305
-121.74860729,38.5378434
-121.74861473,38.53782465
-121.74862226,38.53780646
-121.74863035,38.53778856
-121.7486384,38.53776801
-121.74864905,38.53774993
-121.74866583,38.53773123
-121.74868636,38.53771167
-121.74870753,38.53769186
-121.74872926,38.5376697
-121.74875032,38.53764647
-121.74876925,38.53762116
-121.74878376,38.53759256
-121.74879275,38.53756238
-121.74879715,38.53752791
-121.74879511,38.53748822
-121.74878991,38.53744533
-121.74878161,38.53740135
-121.74877134,38.53735922
-121.74876464,38.53733212
-121.74875842,38.53730949
-121.74875802,38.53729057
-121.7487564,38.53726866
-121.74875467,38.53723971
-121.74875018,38.53721858
-121.74874298,38.53719402
-121.74873618,38.53716809
-121.7487298,38.53714117
-121.74872435,38.537113
-121.74871919,38.53708202
-121.74871347,38.53705102
-121.74870973,38.53702002
-121.74870831,38.53699321
-121.74870929,38.53696973
-121.74871131,38.53694781
-121.74871733,38.536927
-121.74872656,38.5369084
-121.74873848,38.53689139
-121.7487531,38.53687567
-121.74876753,38.53686274
-121.74878153,38.53684967
-121.74879325,38.53683631
-121.74880401,38.53682261
-121.74881482,38.53681048
-121.74882463,38.53680043
-121.74883215,38.53679264
-121.74883376,38.53678438
-121.74883296,38.53677653
-121.74882959,38.53676852
-121.74882603,38.53676144
-121.74882065,38.53675394
-121.74881404,38.53674596
-121.74880802,38.53674015
-121.74880111,38.53673169
-121.74879441,38.53672423
-121.74878792,38.53671739
-121.74878235,38.53671237
-121.74877767,38.53670892
-121.74877195,38.5367033
-121.74876627,38.53669961
-121.7487616,38.53669717
-121.74875784,38.53669576
-121.7487549,38.5366952
-121.74875266,38.53669531
-121.74875155,38.53669084
-121.748753,38.53668701
-121.74875454,38.53668311
-121.7487543,38.53667866
-121.74875329,38.53667283
-121.74875025,38.5366645
-121.74874364,38.53665632
-121.74873417,38.53664737
-121.74872426,38.53663813
-121.74871482,38.53662795
-121.74870583,38.53661683
-121.74869799,38.53660797
-121.74869086,38.53660359
-121.74868367,38.53660002
-121.74867807,38.53659599
-121.74867166,38.53658997
-121.74866687,38.5365821
-121.74866301,38.53657107
-121.74866222,38.53655721
-121.74866512,38.53654001
-121.7486728,38.53651737
-121.74868466,38.53649296
-121.74870232,38.53646766
-121.74872366,38.53644197
-121.74874911,38.53641627
-121.74877573,38.53638711
-121.74879511,38.53635824
-121.74880908,38.53633069
-121.74881666,38.53630255
-121.74882216,38.53627736
-121.7488273,38.53624938
-121.74882981,38.53622422
-121.74883006,38.53619987
-121.74882962,38.53617736
-121.74882909,38.53615317
-121.74882935,38.53613146
-121.74882941,38.53610755
-121.74882996,38.53608661
-121.74883019,38.53606597
-121.74882701,38.53604429
-121.74881996,38.53602171
-121.74881152,38.53599824
-121.74880303,38.53597344
-121.74879472,38.53594531
-121.74878711,38.53592089
-121.7487783,38.53589666
-121.74876663,38.53587294
-121.74875261,38.53584601
-121.74873915,38.53581945
-121.7487246,38.53579114
-121.74870928,38.5357612
-121.74869481,38.53572897
-121.74868245,38.53569881
-121.74867025,38.53566905
-121.74865911,38.53564057
-121.74864907,38.53561264
-121.74863912,38.53558551
-121.748627,38.53555848
-121.74861373,38.53552974
-121.74860085,38.53550335
-121.74858869,38.53547794
-121.74858026,38.53545253
-121.74857296,38.53542698
-121.74856599,38.53540056
-121.74856084,38.53537255
-121.74855639,38.53534634
-121.74855097,38.5353206
-121.74854528,38.53529477
-121.74853447,38.53526972
-121.74851997,38.53524598
-121.74850169,38.53522182
-121.74848416,38.53519265
-121.74846744,38.53515595
-121.74845335,38.53511578
-121.74844157,38.53507409
-121.74843405,38.53503402
-121.74842605,38.53499136
-121.74841697,38.53494989
-121.74840868,38.53491098
-121.74840298,38.53487287
-121.74839611,38.53483552
-121.74838929,38.53479985
-121.74838239,38.53476491
-121.74837568,38.53473075
-121.74836808,38.53469402
-121.74835951,38.53465731
-121.74835022,38.53461845
-121.74834036,38.53458069
-121.74833151,38.53454156
-121.74832335,38.53450342
-121.74831523,38.53446601
-121.74830715,38.53442976
-121.74829923,38.53439422
-121.74828917,38.53435988
-121.74827888,38.53432495
-121.74827011,38.53428897
-121.74825996,38.5342553
-121.748251,38.53422315
-121.74824023,38.5341927
-121.74823052,38.53416499
-121.74821778,38.53414057
-121.74819531,38.53412234
-121.74816745,38.53411044
-121.74813658,38.53410584
-121.74810286,38.53410781
-121.7480666,38.53411292
-121.74802755,38.53412101
-121.7479879,38.53413313
-121.74794937,38.53414725
-121.74791101,38.53416228
-121.74787326,38.53417661
-121.7478351,38.5341906
-121.74779806,38.53420269
-121.74776283,38.53421594
-121.74773258,38.53423204
-121.74770569,38.53424886
-121.74768262,38.53426351
-121.74766222,38.53427238
-121.74764565,38.53427758
-121.74763198,38.5342805
-121.74761794,38.53428046
-121.74760398,38.53427606
-121.74758956,38.53426682
-121.74757756,38.5342536
-121.74756693,38.53423777
-121.74755725,38.53422101
-121.74754771,38.53420287
-121.74753922,38.53418232
-121.74753238,38.53415984
-121.74752558,38.53413595
-121.74752041,38.5341109
-121.74751707,38.5340823
-121.74751786,38.53405149
-121.74752424,38.53402227
-121.74753791,38.53399623
-121.74756019,38.53397765
-121.7475893,38.53396497
-121.7476224,38.53395636
-121.74765624,38.53394855
-121.74768989,38.53394111
-121.74771857,38.53393145
-121.74774119,38.53392345
-121.74775886,38.53391576
-121.74777359,38.53390775
-121.74778475,38.53390008
-121.74779409,38.53389384
-121.74780284,38.53388949
-121.74781163,38.53388677
-121.74782172,38.53388396
-121.74783193,38.53388221
-121.74784226,38.53388246
-121.7478518,38.53388186
-121.74786475,38.53387954
-121.74787294,38.53386969
-121.74788075,38.53385861
-121.74788867,38.53384567
-121.74789729,38.53383231
-121.74790804,38.53382547
-121.74791981,38.53381859
-121.74793178,38.5338108
-121.7479453,38.53380213
-121.74795989,38.53379406
-121.74797376,38.53378447
-121.74799016,38.53377082
-121.74800387,38.53375752
-121.74801871,38.53374373
-121.74803532,38.53373042
-121.74805745,38.53371825
-121.74808551,38.53370762
-121.74811452,38.53369908
-121.74814725,38.53369033
-121.7481796,38.53368239
-121.74820837,38.53367485
-121.7482328,38.53366736
-121.74825195,38.53365852
-121.74826484,38.53364896
-121.74827233,38.53363844
-121.74827502,38.53362837
-121.74827274,38.53361743
-121.74826716,38.5336059
-121.74825912,38.53359326
-121.74824929,38.53357975
-121.74823726,38.53356426
-121.74822394,38.53355057
-121.74821012,38.5335352
-121.74819805,38.53351783
-121.74818571,38.53349815
-121.74817557,38.53347859
-121.74816405,38.53345828
-121.74814931,38.53343663
-121.74813428,38.53341244
-121.74811981,38.53338299
-121.74810736,38.53335406
-121.74809527,38.53332058
-121.74808459,38.53328738
-121.74807534,38.5332555
-121.7480657,38.53322418
-121.74805622,38.53319406
-121.7480472,38.53316417
-121.74804074,38.53313513
-121.74803778,38.53310528
-121.74803575,38.53307546
-121.74803455,38.5330463
-121.74803519,38.5330189
-121.74803948,38.53299506
-121.74805047,38.53297411
-121.74806839,38.53295815
-121.7480922,38.53294673
-121.74811727,38.53293722
-121.74814369,38.53292894
-121.74816964,38.53292267
-121.74819479,38.53291947
-121.74822415,38.53291548
-121.74825609,38.53291182
-121.74828884,38.53290962
-121.74832352,38.53290694
-121.74835951,38.53290318
-121.74839642,38.53290024
-121.74843401,38.53289855
-121.74847322,38.53289614
-121.74851341,38.5328927
-121.74855398,38.53288828
-121.7485958,38.53288454
-121.74863664,38.53287837
-121.74867702,38.53287354
-121.74871707,38.53286919
-121.74875761,38.53286657
-121.74879783,38.53286221
-121.74882858,38.53285828
-121.74886096,38.53285423
-121.74888873,38.53285135
-121.74892034,38.53284757
-121.74895564,38.5328436
-121.74898135,38.53283986
-121.74901049,38.53283364
-121.74903497,38.53282971
-121.74906497,38.53282307
-121.7490895,38.53281707
-121.74912116,38.53281075
-121.74914851,38.53280577
-121.74917525,38.53280143
-121.74920332,38.53279428
-121.74923083,38.53278686
-121.74926222,38.53278046
-121.74929002,38.53277384
-121.74932062,38.53276845
-121.74935091,38.53276128
-121.74938136,38.53275355
-121.74941237,38.53274556
-121.74944627,38.53273899
-121.74947869,38.53272994
-121.74951379,38.5327193
-121.74954317,38.53271082
-121.74957091,38.53270274
-121.7495966,38.53269585
-121.74962424,38.53268849
-121.74965402,38.53268283
-121.7496837,38.53268071
-121.74970459,38.53267908
-121.74972347,38.53267641
-121.74974156,38.53267396
-121.7497596,38.53267119
-121.74977937,38.53267078
-121.74979904,38.53267194
-121.74981758,38.53267342
-121.74983372,38.53267346
-121.74984701,38.53267341
-121.7498591,38.53267469
-121.74987078,38.53267608
-121.74988016,38.53267711
-121.74988978,38.53267816
-121.74989882,38.53268127
-121.74990626,38.53268245
-121.74991235,38.53268251
-121.74991844,38.53268223
-121.74992465,38.53267975
-121.74993073,38.53267665
-121.7499359,38.53267325
-121.74994033,38.53267115
-121.74996497,38.53265892
-121.74994958,38.53265663
-121.74994169,38.53265555
-121.74993782,38.53265281
-121.7499384,38.53264987
