X,Y
136.61,154.75
136.67,155.51
136.81,156.24
136.99,157.08
137.18,158.06
137.4,159.17
137.63,160.3
137.85,161.61
138.05,162.94
138.29,164.32
138.55,165.6
138.79,167.0
138.99,168.48
139.18,169.83
139.35,171.07
139.54,172.29
139.76,173.45
139.98,174.59
140.22,175.67
140.53,176.81
140.9,177.9
141.26,179.07
141.5,179.67
141.74,180.22
141.96,180.89
142.21,181.62
142.28,181.65
142.41,181.64
142.51,181.8
142.69,182.12
142.84,182.23
143.0,182.37
143.18,182.5
143.38,182.66
143.64,182.9
143.96,183.28
144.21,183.55
144.49,183.87
144.79,184.21
145.32,184.64
145.89,184.94
146.51,185.21
147.21,185.47
147.94,185.77
148.56,186.13
149.13,186.55
149.67,186.99
150.14,187.56
150.58,188.23
150.99,188.98
151.37,189.75
151.77,190.61
152.2,191.67
152.65,192.88
153.13,194.18
153.55,195.53
153.98,196.94
154.41,198.33
154.89,199.69
155.41,201.05
155.96,202.39
156.55,203.63
157.16,204.82
157.77,206.08
158.43,207.22
159.1,208.31
159.8,209.24
160.5,210.06
161.27,210.88
162.03,211.68
162.82,212.45
163.62,213.2
164.42,213.99
165.15,214.8
165.87,215.64
166.55,216.42
167.15,217.21
167.66,218.03
168.12,218.85
168.58,219.67
169.11,220.43
169.63,221.2
170.14,221.96
170.67,222.68
171.16,223.34
171.65,223.88
172.2,224.36
172.79,224.83
173.41,225.21
174.03,225.61
174.61,225.99
175.22,226.34
175.83,226.64
176.44,226.91
177.06,227.14
177.68,227.35
178.32,227.52
179.0,227.64
179.69,227.76
180.35,227.85
180.98,227.82
181.35,227.78
181.69,227.81
181.95,227.79
182.17,227.77
182.37,227.7
182.55,227.58
182.75,227.42
182.99,227.25
183.16,227.18
183.36,227.03
183.58,226.86
183.86,226.86
184.23,226.9
184.5,226.97
184.79,227.05
185.09,227.12
185.43,227.08
185.85,227.02
186.38,226.97
187.02,226.85
187.75,226.74
188.5,226.67
189.25,226.65
189.99,226.61
190.69,226.55
191.39,226.45
192.07,226.37
192.72,226.35
193.29,226.32
193.8,226.22
194.25,226.13
194.61,226.06
194.92,225.99
195.15,225.89
195.31,225.85
195.44,225.87
195.55,225.86
195.67,225.89
195.78,225.94
195.87,226.0
195.95,226.16
196.05,226.36
196.16,226.62
196.3,226.93
196.52,227.27
196.74,227.64
196.95,228.02
197.13,228.37
197.32,228.7
197.48,228.98
197.64,229.26
197.8,229.56
197.97,229.84
198.16,230.29
198.33,230.84
198.49,231.42
198.66,232.08
198.85,232.85
199.02,233.67
199.21,234.54
199.38,235.44
199.54,236.34
199.68,237.18
199.81,237.92
199.92,238.68
200.0,239.45
199.98,240.09
199.88,240.51
199.68,240.86
199.42,241.23
199.1,241.54
198.7,241.83
198.28,242.01
197.81,242.14
197.32,242.2
196.85,242.13
196.37,242.05
195.91,241.82
195.46,241.59
194.98,241.32
194.5,240.98
194.13,240.69
193.79,240.39
193.46,240.08
193.09,239.94
192.79,239.82
192.46,239.71
192.2,239.56
191.94,239.39
191.69,239.25
191.43,239.14
191.15,239.02
190.85,238.86
190.57,238.68
190.28,238.53
189.94,238.35
189.65,238.14
189.27,237.92
188.9,237.74
188.5,237.53
188.13,237.31
187.79,237.05
187.41,236.69
187.08,236.44
186.77,236.2
186.45,236.05
186.09,235.98
185.78,235.99
185.45,236.04
185.07,236.14
184.64,236.34
184.16,236.64
183.62,236.94
183.1,237.21
182.58,237.42
182.06,237.6
181.58,237.82
181.1,238.09
180.59,238.33
180.11,238.51
179.55,238.56
178.95,238.48
178.26,238.27
177.57,238.0
176.88,237.68
176.15,237.39
175.44,237.14
174.71,236.91
173.95,236.71
173.22,236.45
172.47,236.17
171.74,235.86
170.99,235.63
170.25,235.38
169.5,235.2
168.78,235.06
168.12,234.99
167.49,235.01
166.93,235.07
166.41,235.19
165.93,235.33
165.47,235.48
165.06,235.63
164.7,235.82
164.34,235.94
164.02,236.04
163.72,236.12
163.41,236.22
163.08,236.24
162.74,236.12
162.37,235.87
161.97,235.6
161.56,235.31
161.12,235.0
160.67,234.62
160.25,234.23
159.84,233.84
159.42,233.45
159.0,233.07
158.57,232.72
158.16,232.47
157.76,232.41
157.4,232.52
157.05,232.8
156.72,233.2
156.43,233.67
156.15,234.09
155.86,234.42
155.56,234.7
155.23,234.96
154.86,235.2
154.55,235.42
154.21,235.63
153.84,235.77
153.44,235.84
153.05,235.8
152.65,235.67
152.27,235.44
151.88,235.21
151.5,234.99
151.06,234.77
150.63,234.5
150.24,234.19
149.87,233.92
149.55,233.68
149.23,233.39
148.93,233.1
148.64,232.81
148.31,232.54
147.99,232.22
147.65,231.86
147.32,231.51
146.96,231.19
146.59,230.84
146.23,230.48
145.85,230.11
145.5,229.72
145.14,229.35
144.78,228.99
144.39,228.58
144.01,228.08
143.66,227.54
143.33,227.01
143.01,226.51
142.72,226.06
142.46,225.63
142.26,225.32
142.24,225.21
142.32,225.25
142.46,225.36
142.59,225.57
142.69,225.89
142.76,226.29
142.77,226.86
142.76,227.47
142.75,228.09
142.75,228.73
142.74,229.44
142.74,230.18
142.76,230.88
142.8,231.5
142.82,231.96
142.82,232.36
142.83,232.6
142.81,232.79
142.77,232.91
142.71,233.0
142.59,233.07
142.47,233.11
142.33,233.13
142.23,233.11
142.11,233.1
141.99,233.06
141.89,232.98
141.79,232.91
141.67,232.86
141.56,232.78
141.45,232.71
141.33,232.67
141.23,232.56
141.15,232.55
141.03,232.53
140.86,232.44
140.65,232.35
140.46,232.28
140.28,232.18
140.06,232.0
139.84,231.85
139.63,231.78
139.46,231.74
139.33,231.76
139.21,231.73
139.1,231.62
138.98,231.48
138.81,231.35
138.61,231.19
138.36,231.07
138.09,230.93
137.83,230.88
137.57,230.91
137.33,230.97
137.11,231.12
136.91,231.38
136.68,231.71
136.39,232.06
136.14,232.35
135.96,232.61
135.74,232.91
135.52,233.25
135.3,233.61
135.08,234.01
134.87,234.42
134.66,234.84
134.47,235.22
134.24,235.55
134.01,235.83
133.78,236.07
133.51,236.26
133.2,236.43
132.9,236.5
132.59,236.57
132.25,236.58
131.87,236.62
131.52,236.68
131.15,236.72
130.83,236.76
130.56,236.84
130.34,236.89
130.09,236.99
129.82,237.26
129.54,237.75
129.26,238.38
129.02,239.19
128.78,240.11
128.55,241.1
128.35,242.13
128.18,243.12
128.03,244.06
127.91,244.94
127.78,245.73
127.66,246.49
127.53,247.21
127.41,247.92
127.3,248.55
127.21,249.16
127.12,249.76
127.02,250.3
126.91,250.75
126.81,251.09
126.7,251.34
126.57,251.6
126.43,251.85
126.3,252.22
126.19,252.64
126.11,253.11
126.05,253.59
125.99,254.15
125.93,254.74
125.86,255.47
125.82,256.3
125.77,257.19
125.71,258.16
125.66,259.11
125.57,260.02
125.46,260.86
125.33,261.66
125.18,262.47
125.05,263.27
124.89,263.98
124.75,264.72
124.61,265.44
124.49,266.15
124.37,266.94
124.24,267.78
124.1,268.58
123.95,269.5
123.81,270.43
123.7,271.46
123.6,272.53
123.51,273.55
123.44,274.5
123.37,275.39
123.31,276.25
123.23,277.13
123.13,277.99
123.03,278.82
122.92,279.56
122.83,280.36
122.73,281.21
122.59,282.05
122.43,282.97
122.24,283.85
122.07,284.8
121.92,285.85
121.83,286.72
121.75,287.39
121.65,287.94
121.51,288.33
121.34,288.69
121.14,288.93
120.91,289.08
120.67,289.12
120.39,289.12
120.1,288.99
119.78,288.72
119.43,288.4
119.07,288.04
118.64,287.65
118.19,287.25
117.71,286.89
117.22,286.55
116.71,286.21
116.22,285.91
115.78,285.58
115.34,285.21
114.9,284.9
114.42,284.59
113.97,284.3
113.55,284.1
113.08,284.03
112.62,284.08
112.16,284.33
111.68,284.81
111.26,285.44
110.94,286.43
110.69,287.54
110.53,288.72
110.49,289.96
110.54,291.18
110.66,292.4
110.83,293.62
111.01,294.74
111.21,295.76
111.36,296.55
111.47,297.21
111.55,297.76
111.56,298.24
111.48,298.73
111.4,299.15
111.34,299.45
111.33,299.57
111.33,299.54
111.31,299.45
111.29,299.51
111.27,299.61
111.23,299.76
111.14,300.0
111.08,299.96
111.02,299.57
110.91,298.7
110.78,297.5
110.66,296.02
110.59,294.4
110.54,292.77
110.52,291.11
110.5,289.52
110.46,287.89
110.41,286.26
110.4,284.65
110.45,283.16
110.5,281.64
110.58,280.21
110.67,278.83
110.79,277.43
110.93,276.05
111.06,274.56
111.21,273.01
111.35,271.36
111.47,270.3
111.57,269.34
111.65,268.53
111.74,267.75
111.86,266.78
111.97,266.08
112.1,265.38
112.25,264.61
112.36,263.98
112.44,263.3
112.54,262.64
112.62,261.96
112.7,261.19
112.77,260.6
112.83,259.99
112.91,259.43
113.02,258.89
113.11,258.4
113.12,257.86
113.03,257.3
113.04,256.98
113.0,256.59
112.92,256.05
112.76,255.53
112.54,255.02
112.39,254.58
112.23,254.14
112.07,253.65
111.92,253.05
111.75,252.44
111.54,251.83
111.3,251.22
111.02,250.6
110.67,249.94
110.26,249.22
109.82,248.5
109.35,247.78
108.88,247.02
108.5,246.22
108.18,245.31
107.9,244.36
107.65,243.43
107.39,242.44
107.16,241.43
106.94,240.45
106.74,239.56
106.52,238.66
106.24,237.82
105.94,237.04
105.56,236.28
105.15,235.59
104.77,234.93
104.42,234.4
104.05,234.09
103.67,233.85
103.26,233.73
102.85,233.55
102.51,233.43
102.2,233.46
101.91,233.56
101.64,233.67
101.35,233.77
101.0,233.83
100.55,233.81
100.01,233.7
99.41,233.49
98.77,233.25
98.11,232.95
97.41,232.69
96.71,232.42
96.04,232.08
95.38,231.72
94.76,231.35
94.17,230.96
93.59,230.56
92.99,230.2
92.59,230.01
92.24,229.87
91.93,229.8
91.66,229.75
91.4,229.69
91.09,229.54
90.88,229.45
90.67,229.33
90.45,229.18
90.18,229.02
89.94,228.91
89.62,228.72
89.22,228.43
88.72,228.04
88.14,227.61
87.55,227.09
86.92,226.6
86.24,226.11
85.56,225.63
84.91,225.19
84.3,224.78
83.73,224.32
83.21,223.85
82.72,223.43
82.26,223.09
81.82,222.89
81.42,222.81
81.02,222.77
80.67,222.8
80.33,222.8
80.01,222.78
79.66,222.76
79.34,222.71
79.02,222.59
78.76,222.46
78.53,222.23
78.35,221.93
78.18,221.48
78.05,220.86
77.98,220.19
77.95,219.47
77.93,218.74
77.91,217.98
77.89,217.18
77.9,216.34
77.96,215.44
78.05,214.47
78.16,213.56
78.3,212.76
78.42,212.02
78.53,211.33
78.68,210.61
78.83,209.9
78.98,209.22
79.11,208.54
79.19,207.87
79.23,207.14
79.19,206.31
79.07,205.54
78.91,204.76
78.69,204.03
78.43,203.36
78.12,202.72
77.78,202.16
77.41,201.8
77.02,201.6
76.59,201.49
76.13,201.45
75.69,201.51
75.25,201.69
74.79,201.84
74.29,202.01
73.78,202.21
73.28,202.39
72.8,202.41
72.4,202.3
72.06,202.04
71.75,201.68
71.47,201.18
71.29,200.63
71.16,200.06
71.05,199.57
70.95,199.22
70.82,198.95
70.66,198.71
70.46,198.43
70.28,198.15
70.08,197.84
69.87,197.59
69.67,197.37
69.49,197.17
69.28,196.99
69.01,196.93
68.72,196.88
68.36,196.89
68.0,196.88
67.61,196.84
67.18,196.82
66.74,196.78
66.3,196.73
65.85,196.62
65.41,196.49
64.96,196.43
64.48,196.4
64.0,196.45
63.55,196.59
63.09,196.73
62.66,196.93
62.31,197.23
61.99,197.48
61.67,197.72
61.37,198.03
61.08,198.41
60.81,198.78
60.55,199.06
60.3,199.3
60.07,199.71
59.85,200.18
59.65,200.58
59.46,200.91
59.25,201.11
59.02,201.25
58.77,201.28
58.49,201.33
58.17,201.43
57.84,201.55
57.51,201.62
57.16,201.71
56.81,201.7
56.43,201.66
56.02,201.24
55.6,200.55
55.24,199.7
54.93,198.77
54.63,197.76
54.32,196.94
54.04,196.29
53.75,195.86
53.46,195.48
53.17,195.12
52.87,194.8
52.56,194.53
52.26,194.31
51.95,194.11
51.62,193.91
51.26,193.77
50.9,193.72
50.52,193.71
50.09,193.75
49.65,193.84
49.2,193.95
48.72,194.16
48.22,194.45
47.68,194.78
47.16,195.08
46.69,195.4
46.25,195.71
45.82,195.98
45.42,196.22
45.0,196.42
44.57,196.56
44.12,196.66
43.69,196.74
43.25,196.76
42.81,196.79
42.4,196.78
42.0,196.75
41.58,196.67
41.17,196.57
40.75,196.48
40.39,196.41
40.03,196.34
39.65,196.34
39.26,196.42
38.85,196.49
38.46,196.56
38.08,196.68
37.71,196.77
37.33,196.9
37.02,197.0
36.73,197.14
36.4,197.26
36.07,197.38
35.73,197.45
35.39,197.49
35.02,197.52
34.63,197.6
34.22,197.7
33.79,197.84
33.38,197.95
32.95,198.01
32.55,197.94
32.18,197.73
31.89,197.38
31.64,196.99
31.45,196.55
31.25,196.06
31.1,195.49
30.96,194.82
30.82,194.24
30.69,193.66
30.58,193.13
30.5,192.67
30.46,192.26
30.42,191.77
30.37,191.27
30.29,190.73
30.19,190.18
30.11,189.65
29.99,189.16
29.86,188.64
29.76,188.27
29.7,187.87
29.71,187.51
29.78,187.2
29.87,186.91
29.99,186.68
30.14,186.44
30.31,186.2
30.49,185.94
30.64,185.65
30.78,185.34
30.91,184.95
31.0,184.49
31.06,183.95
31.1,183.51
31.16,183.17
31.22,182.85
31.29,182.48
31.36,182.08
31.44,181.66
31.54,181.27
31.65,180.87
31.78,180.44
31.86,180.11
31.93,179.78
32.0,179.38
32.07,178.86
32.16,178.27
32.26,177.52
32.36,176.74
32.44,175.89
32.54,175.03
32.63,174.22
32.76,173.45
32.88,172.69
33.01,171.89
33.09,171.08
33.11,170.02
33.12,168.9
33.09,167.79
32.97,166.66
32.73,165.5
32.53,164.33
32.32,163.21
32.12,162.22
31.89,161.25
31.61,160.34
31.26,159.55
30.87,158.86
30.42,158.31
29.9,157.94
29.34,157.65
28.73,157.53
28.07,157.32
27.45,157.0
26.91,156.6
26.43,156.1
26.04,155.57
25.73,155.0
25.44,154.43
25.21,153.81
25.03,153.14
24.87,152.34
24.68,151.53
24.46,150.72
24.21,149.94
23.97,149.29
23.7,148.73
23.44,148.23
23.24,147.72
23.09,147.24
22.97,146.78
22.92,146.34
22.91,145.84
22.94,145.28
22.99,144.65
23.1,144.07
23.23,143.36
23.38,142.57
23.51,141.75
23.6,140.97
23.65,140.17
23.66,139.26
23.6,138.42
23.45,137.6
23.31,136.92
23.12,136.33
22.79,135.8
22.54,135.36
22.32,134.91
22.16,134.49
22.01,134.1
21.84,133.61
21.69,133.0
21.59,132.56
21.5,132.13
21.46,131.67
21.46,131.11
21.45,130.56
21.39,129.93
21.32,129.32
21.26,128.68
21.23,128.03
21.18,127.46
21.19,127.05
21.27,126.81
21.36,126.61
21.52,126.39
21.66,126.25
21.85,126.07
22.03,125.93
22.23,125.81
22.43,125.65
22.69,125.38
22.97,125.0
23.26,124.49
23.49,123.99
23.7,123.39
23.88,122.74
24.02,121.91
24.11,120.92
24.12,119.92
24.05,118.95
23.92,118.06
23.71,117.26
23.41,116.54
23.06,115.91
22.69,115.41
22.29,115.0
21.86,114.64
21.41,114.35
20.99,114.06
20.59,113.79
20.26,113.49
20.03,113.19
19.87,112.81
19.75,112.4
19.75,111.96
19.8,111.47
19.9,110.61
20.01,109.46
20.09,108.16
20.13,106.81
20.03,105.61
19.86,104.48
19.55,103.54
19.3,102.82
19.12,102.38
18.95,102.09
18.77,101.97
18.62,102.04
18.54,102.19
18.52,102.31
18.57,102.49
18.66,102.71
18.79,102.76
18.92,102.64
19.02,102.57
19.06,102.44
19.08,102.19
19.08,101.9
19.08,101.55
19.14,101.05
19.24,100.39
19.37,99.53
19.51,98.63
19.55,97.89
19.57,97.12
19.6,96.33
19.61,95.48
19.62,94.59
19.64,93.62
19.66,92.55
19.72,91.47
19.8,90.28
19.87,89.03
19.9,87.76
19.88,86.54
19.72,85.34
19.42,84.32
19.06,83.39
18.67,82.61
18.24,82.01
17.77,81.53
17.42,81.31
17.08,81.13
16.79,81.0
16.52,80.9
16.22,80.8
15.97,80.74
15.72,80.74
15.46,80.78
15.21,80.8
14.96,80.77
14.72,80.65
14.49,80.43
14.27,80.07
14.18,79.68
14.08,79.14
14.01,78.49
13.92,78.06
13.82,77.7
13.75,77.42
13.69,77.16
13.66,76.76
13.65,76.28
13.67,75.66
13.7,74.98
13.72,74.29
13.68,73.62
13.59,72.92
13.45,72.32
13.22,71.72
12.96,71.21
12.66,70.82
12.32,70.51
11.95,70.21
11.55,70.13
11.14,70.1
10.71,70.08
10.23,70.05
9.81,69.98
9.46,69.93
9.18,69.88
8.96,69.83
8.79,69.78
8.67,69.74
8.58,69.77
8.52,69.9
8.49,70.07
8.46,70.14
8.46,70.14
8.46,70.11
8.45,70.1
8.55,70.03
8.64,69.71
8.7,69.33
8.76,69.01
8.83,68.75
9.01,68.59
9.27,68.69
9.6,68.97
9.91,69.48
10.17,70.22
10.4,71.16
10.61,72.35
10.78,73.77
10.89,75.28
10.97,76.83
11.08,78.55
11.21,80.31
11.31,81.34
11.37,82.3
11.43,83.26
11.42,84.39
11.41,85.27
11.39,86.16
11.42,87.17
11.46,88.1
11.53,89.18
11.63,90.42
11.64,91.61
11.54,92.76
11.36,93.8
11.04,94.75
10.63,95.58
10.23,96.32
9.87,97.02
9.55,97.65
9.24,98.35
8.91,99.2
8.55,100.0
8.15,100.77
7.74,101.42
7.33,101.97
6.9,102.41
6.42,102.77
5.9,103.04
5.36,103.25
4.78,103.38
4.19,103.5
3.57,103.64
2.95,103.79
2.35,103.88
1.8,103.9
1.35,103.89
0.98,103.84
0.71,103.71
0.52,103.52
0.38,103.32
0.29,103.13
0.25,102.87
0.25,102.55
0.29,102.2
0.37,101.86
0.47,101.44
0.57,100.98
0.66,100.52
0.76,100.11
0.85,99.71
0.96,99.42
1.05,99.09
1.14,98.78
1.22,98.47
1.27,98.17
1.33,97.79
1.37,97.38
1.39,96.96
1.47,96.42
1.53,96.04
1.6,95.77
1.71,95.61
1.87,95.49
2.07,95.38
2.3,95.32
2.54,95.29
2.8,95.24
3.07,95.2
3.36,95.19
3.62,95.24
3.85,95.32
4.05,95.41
4.22,95.52
4.35,95.72
4.45,95.97
4.55,96.29
4.67,96.52
4.8,96.61
4.95,96.65
5.14,96.69
5.34,96.7
5.57,96.7
5.83,96.7
6.09,96.72
6.34,96.71
6.59,96.65
6.77,96.59
6.91,96.54
7.02,96.45
7.17,96.27
7.31,96.05
7.48,95.8
7.66,95.54
7.86,95.33
8.1,95.18
8.39,95.07
8.73,94.94
9.11,94.8
9.53,94.68
9.95,94.58
10.38,94.47
10.8,94.34
11.21,94.17
11.58,93.85
11.9,93.46
12.17,92.99
12.4,92.48
12.61,91.85
12.77,91.14
12.88,90.42
12.95,89.76
12.98,89.15
12.99,88.55
12.98,87.95
12.94,87.36
12.91,86.81
12.88,86.38
12.84,86.06
12.78,85.82
12.71,85.64
12.65,85.49
12.59,85.37
12.54,85.31
12.53,85.22
12.51,85.16
12.55,85.02
12.58,84.92
12.61,84.86
12.63,84.83
12.68,84.58
12.68,84.71
12.72,84.02
12.72,83.7
12.72,83.47
12.72,83.31
12.72,83.18
12.73,82.81
12.72,82.85
12.72,82.81
12.71,82.86
12.71,82.9
12.71,82.93
12.7,82.95
12.7,82.95
12.89,82.36
12.97,82.17
13.02,82.04
13.06,81.95
13.16,81.78
13.24,81.64
13.51,81.21
13.5,81.28
13.5,81.32
13.56,81.32
13.6,81.38
13.62,81.44
13.57,81.53
13.53,81.49
13.52,81.28
13.53,81.0
13.57,80.66
13.69,80.39
13.87,80.25
14.1,80.21
14.42,80.24
14.78,80.41
15.17,80.6
15.61,80.83
16.07,81.1
16.52,81.3
16.98,81.47
17.46,81.68
17.94,81.96
18.36,82.45
18.68,83.13
18.92,83.68
19.14,84.27
19.28,84.93
19.32,85.62
19.34,86.38
19.36,87.14
19.38,87.81
19.37,88.5
19.37,89.12
19.36,89.62
19.39,90.24
19.42,90.82
19.46,91.35
19.48,91.9
19.46,92.41
19.4,92.83
19.33,93.33
19.26,93.94
19.18,94.6
19.12,95.31
19.08,96.07
19.07,96.91
19.05,97.76
19.02,98.69
19.08,99.62
19.24,100.52
19.46,102.32
19.44,103.13
19.36,103.9
19.3,104.57
19.35,105.25
19.41,105.87
19.46,106.53
19.51,107.24
19.55,108.04
19.57,108.87
19.58,109.66
19.67,110.22
19.86,110.73
20.15,111.26
20.49,111.79
20.87,112.3
21.29,112.66
21.69,112.73
22.08,112.63
22.47,112.55
22.86,112.53
23.27,112.56
23.71,112.7
24.14,112.93
24.5,113.3
24.76,113.81
24.92,114.41
25.02,115.05
25.04,115.72
24.99,116.41
24.89,117.16
24.74,117.94
24.5,118.75
24.22,119.57
23.9,120.44
23.54,121.25
23.1,121.88
22.59,122.34
22.02,122.66
21.39,122.92
20.72,123.05
19.97,123.05
19.18,123.06
18.35,123.04
17.66,123.01
17.0,122.9
16.39,122.8
15.9,122.66
15.18,122.4
14.36,122.22
13.47,122.02
12.54,121.86
11.66,121.61
10.76,121.35
9.89,121.11
9.06,120.87
8.26,120.62
7.48,120.41
6.76,120.23
6.08,120.11
5.45,120.07
4.87,120.08
4.33,120.08
3.81,120.05
3.33,120.04
2.92,120.01
2.52,119.96
2.16,119.91
1.81,119.91
1.49,119.96
1.17,120.03
0.87,120.1
0.6,120.17
0.34,120.33
0.17,120.68
0.07,121.11
0.02,121.55
0.0,121.99
0.02,122.46
0.08,122.92
0.16,123.36
0.25,123.78
0.35,124.21
0.46,124.63
0.55,125.01
0.64,125.36
0.73,125.63
0.81,125.85
0.91,126.06
1.0,126.21
1.08,126.35
1.14,126.41
1.18,126.44
1.25,126.43
1.29,126.27
1.32,126.09
1.34,125.94
1.38,125.86
1.42,125.76
1.45,125.62
1.47,125.49
1.49,125.38
1.5,125.28
1.49,125.19
1.49,125.12
1.5,125.08
1.5,125.05
1.5,125.02
1.49,124.98
1.48,124.9
1.48,124.8
1.48,124.66
1.49,124.44
1.5,124.17
1.51,123.86
1.51,123.51
1.51,123.16
1.5,122.83
1.49,122.48
1.48,122.14
1.47,121.83
1.46,121.54
1.43,121.3
1.4,121.08
1.37,120.89
1.35,120.69
1.32,120.47
1.33,120.27
1.36,120.11
1.43,120.01
1.51,119.95
1.61,119.93
1.7,119.94
1.79,119.96
1.89,120.09
1.98,120.21
2.08,120.39
2.17,120.55
2.28,120.69
2.41,120.8
2.58,120.87
2.8,120.94
3.07,121.02
3.37,121.08
3.72,121.14
4.1,121.19
4.49,121.23
4.88,121.29
5.26,121.39
5.65,121.51
6.09,121.56
6.57,121.58
7.07,121.57
7.6,121.58
8.15,121.59
8.72,121.61
9.29,121.67
9.86,121.75
10.46,121.8
11.05,121.8
11.56,121.84
12.02,121.88
12.48,122.01
12.87,122.11
13.25,122.17
13.58,122.32
13.91,122.54
14.2,122.78
14.52,122.9
14.89,122.95
15.39,122.94
15.95,122.82
18.14,122.65
18.72,122.58
19.28,122.48
19.84,122.36
20.36,122.2
20.83,121.99
21.29,121.73
21.71,121.42
22.13,120.99
22.53,120.55
22.92,119.98
23.3,119.32
23.65,118.51
23.98,117.48
24.28,116.26
24.54,114.98
24.76,113.67
24.95,112.32
25.12,111.0
25.27,109.78
25.43,108.66
25.64,107.65
25.92,106.89
26.24,106.44
26.57,106.15
26.96,105.99
27.37,105.99
27.81,106.12
28.24,106.34
28.67,106.64
29.14,106.98
29.62,107.39
30.11,107.8
30.6,108.25
31.1,108.74
31.62,109.29
32.14,109.82
32.67,110.36
33.2,110.87
33.72,111.33
34.25,111.68
34.78,112.01
35.32,112.29
35.86,112.56
36.4,112.81
36.93,113.09
37.44,113.33
37.91,113.54
38.35,113.74
38.73,113.86
39.06,113.95
39.36,114.06
39.68,114.14
39.98,114.17
40.29,114.17
40.62,114.19
40.95,114.24
41.28,114.33
41.58,114.43
41.83,114.48
42.01,114.47
42.16,114.39
42.26,114.29
42.34,114.21
42.44,114.11
42.58,113.98
42.76,113.92
42.96,113.86
43.18,113.77
43.4,113.63
43.63,113.43
43.87,113.2
44.15,113.11
44.43,113.06
44.75,113.06
45.1,113.13
45.48,113.27
45.91,113.49
46.36,113.78
46.84,114.01
47.39,114.26
47.97,114.54
48.58,114.84
49.15,115.09
49.67,115.28
50.16,115.44
50.65,115.65
51.16,115.86
51.65,116.05
52.12,116.21
52.58,116.36
53.04,116.44
53.55,116.57
54.11,116.79
54.67,117.13
55.21,117.61
55.72,118.14
56.27,118.69
56.82,119.22
57.38,119.73
57.93,120.26
58.5,120.81
59.08,121.26
59.65,121.67
60.21,122.05
60.82,122.3
61.44,122.55
62.1,122.79
62.76,122.98
63.39,123.22
64.07,123.45
64.75,123.71
65.4,124.02
66.05,124.37
66.7,124.67
67.36,124.88
67.99,125.13
68.56,125.45
69.17,125.77
69.78,126.02
70.39,126.28
71.02,126.68
71.68,127.02
72.34,127.35
73.01,127.6
73.71,127.85
74.38,128.13
75.05,128.44
75.69,128.78
76.32,129.07
76.94,129.39
77.57,129.66
78.17,129.95
78.76,130.17
79.32,130.31
79.83,130.38
80.29,130.39
80.71,130.33
81.08,130.26
81.37,130.18
81.59,130.07
81.77,129.94
81.93,129.86
82.07,129.8
82.22,129.74
82.4,129.78
82.58,129.87
82.81,130.0
83.09,130.14
83.42,130.33
83.83,130.53
84.27,130.76
84.76,131.0
85.28,131.25
85.78,131.52
86.27,131.82
86.79,132.1
87.28,132.38
87.77,132.62
88.28,132.82
88.76,133.01
89.23,133.22
89.69,133.39
90.11,133.55
90.51,133.75
90.88,133.99
91.23,134.27
91.56,134.53
91.85,134.78
92.16,134.92
92.44,135.02
92.76,135.14
93.08,135.28
93.43,135.47
93.8,135.68
94.15,135.86
94.51,136.04
94.86,136.24
95.25,136.5
95.65,136.78
96.06,137.08
96.52,137.32
97.01,137.66
97.57,138.05
98.17,138.52
98.8,139.0
99.48,139.49
100.17,140.01
100.87,140.55
101.58,141.08
102.32,141.57
103.07,142.01
103.82,142.5
104.52,143.04
105.23,143.55
105.91,144.12
106.58,144.65
107.27,145.19
107.92,145.68
108.57,146.14
109.25,146.58
109.9,146.99
110.51,147.35
111.1,147.71
111.65,148.06
112.2,148.39
112.73,148.69
113.23,148.9
113.72,149.01
114.16,149.07
114.57,149.02
114.92,148.94
115.28,148.92
115.68,148.85
115.98,148.78
116.28,148.76
116.56,148.73
116.85,148.65
117.17,148.56
117.47,148.58
117.74,148.67
117.99,148.88
118.21,149.15
118.4,149.45
118.6,149.7
118.78,149.88
118.92,149.85
119.03,149.6
119.13,149.18
119.22,148.56
119.31,147.79
119.4,146.99
119.47,146.28
119.53,145.53
119.59,144.81
119.63,144.09
119.64,143.39
119.65,142.63
119.67,141.75
119.7,140.68
119.74,139.53
119.83,138.43
119.96,137.19
120.1,136.03
120.2,134.95
120.34,134.01
120.53,133.12
120.7,132.25
120.88,131.47
121.07,130.82
121.27,130.2
121.47,129.65
121.64,129.18
121.77,128.86
121.88,128.69
121.97,128.61
122.02,128.65
122.05,128.77
122.09,128.86
122.11,129.03
122.14,129.24
122.16,129.47
122.18,129.71
122.19,129.96
122.23,130.23
122.26,130.55
122.31,130.92
122.39,131.33
122.54,131.76
122.79,132.39
123.09,133.22
123.43,134.19
123.81,135.38
124.18,136.79
124.49,138.37
124.72,140.03
124.89,141.72
125.01,143.34
125.06,144.81
125.08,146.19
125.03,147.5
124.93,148.73
124.82,149.83
124.7,150.83
124.59,151.83
124.49,152.78
124.39,153.73
124.28,154.66
124.17,155.53
124.09,156.31
124.01,156.98
123.94,157.54
123.89,158.03
123.83,158.41
123.8,158.75
123.77,159.03
123.77,159.27
123.77,159.5
123.79,159.74
123.83,159.98
123.87,160.21
123.93,160.46
124.05,160.8
124.21,161.18
124.38,161.58
124.57,161.95
124.79,162.28
125.02,162.58
125.24,162.83
125.47,163.02
125.68,163.15
125.85,163.24
125.99,163.3
126.11,163.31
126.2,163.23
126.26,163.14
126.3,163.05
126.36,162.88
126.41,162.71
126.44,162.57
126.45,162.44
126.46,162.29
126.44,162.16
126.43,162.05
126.41,161.95
126.38,161.87
126.36,161.87
126.35,161.87
126.33,161.88
126.31,161.89
126.29,161.9
126.24,161.98
126.2,162.06
126.17,162.12
126.12,162.32
126.11,162.42
126.11,162.5
126.11,162.57
126.09,162.66
126.06,162.75
126.05,162.88
126.03,162.98
126.01,163.04
125.99,163.09
125.98,163.11
125.96,163.12
125.97,163.06
125.97,163.01
125.95,162.9
125.94,162.79
125.92,162.67
125.9,162.56
125.9,162.48
125.9,162.43
125.89,162.4
125.88,162.37
125.86,162.29
125.86,162.31
125.87,162.31
125.86,162.3
125.91,162.28
125.88,162.56
125.87,162.73
125.88,162.83
125.88,162.9
125.89,162.89
125.89,162.87
125.9,162.86
125.9,162.84
125.91,162.82
125.94,162.78
125.98,162.76
126.02,162.73
126.05,162.72
126.06,162.73
126.07,162.72
126.1,162.69
126.1,162.71
126.08,162.72
126.05,162.73
126.0,162.78
125.94,162.88
125.87,163.02
125.79,163.24
125.68,163.51
125.58,163.79
125.51,164.08
125.44,164.36
125.37,164.67
125.31,165.0
125.24,165.39
125.18,165.8
125.11,166.2
125.06,166.56
125.0,166.87
124.96,167.15
124.91,167.42
124.87,167.66
124.83,167.88
124.8,168.09
124.77,168.23
124.75,168.28
124.71,168.3
124.67,168.31
124.63,168.32
124.58,168.35
124.54,168.37
124.52,168.36
124.5,168.36
124.47,168.45
124.42,168.52
124.33,168.57
124.23,168.64
124.12,168.62
124.0,168.57
123.88,168.5
123.72,168.42
123.56,168.35
123.39,168.22
123.2,168.06
122.99,167.86
122.76,167.64
122.52,167.36
122.28,167.04
122.04,166.7
121.79,166.29
121.55,165.88
121.33,165.46
121.13,164.96
120.95,164.42
120.79,163.87
120.66,163.24
120.55,162.68
120.45,162.07
120.37,161.48
120.28,160.92
120.19,160.36
120.09,159.72
119.97,159.15
119.77,158.57
119.53,157.96
119.28,157.34
119.03,156.65
118.78,155.92
118.56,155.13
118.39,154.24
118.29,153.3
118.23,152.22
118.26,150.99
118.32,149.65
118.42,148.27
118.54,146.96
118.61,146.11
118.69,145.41
118.69,144.82
118.71,144.13
118.73,143.23
118.78,142.57
118.87,141.8
118.95,141.0
119.02,140.16
119.09,139.28
119.15,138.31
119.21,137.34
119.26,136.37
119.27,135.54
119.26,134.81
119.24,134.12
119.17,133.47
119.06,132.89
118.92,132.36
118.75,131.87
118.58,131.47
118.42,131.06
118.28,130.64
118.15,130.21
118.03,129.84
117.91,129.52
117.82,129.28
117.81,129.02
117.81,128.78
117.85,128.53
117.9,128.31
117.96,128.07
118.04,127.82
118.11,127.64
118.19,127.38
118.27,127.14
118.34,126.93
118.41,126.77
118.46,126.67
118.53,126.49
118.59,126.38
118.65,126.3
118.69,126.26
118.73,126.24
118.75,126.24
118.77,126.1
118.75,125.98
118.73,125.86
118.73,125.72
118.75,125.54
118.78,125.28
118.86,125.03
118.97,124.75
119.09,124.46
119.2,124.14
119.3,123.79
119.39,123.52
119.48,123.38
119.56,123.27
119.63,123.14
119.7,122.95
119.76,122.71
119.8,122.37
119.81,121.93
119.78,121.4
119.69,120.69
119.55,119.93
119.34,119.14
119.09,118.34
118.8,117.53
118.48,116.62
118.26,115.72
118.09,114.86
118.01,113.99
117.94,113.2
117.88,112.33
117.85,111.54
117.85,110.78
117.85,110.08
117.86,109.32
117.86,108.65
117.86,107.9
117.85,107.25
117.85,106.6
117.88,105.93
117.97,105.22
118.07,104.49
118.16,103.72
118.26,102.84
118.35,102.08
118.45,101.32
118.59,100.58
118.75,99.74
118.91,98.91
119.08,98.03
119.26,97.09
119.43,96.09
119.58,95.15
119.72,94.22
119.85,93.33
119.97,92.46
120.08,91.61
120.22,90.77
120.38,89.87
120.53,89.05
120.67,88.25
120.77,87.46
120.86,86.66
120.94,85.84
121.0,84.96
121.05,84.15
121.11,83.34
121.18,82.54
121.31,81.76
121.48,81.01
121.69,80.26
121.9,79.35
122.09,78.2
122.26,76.95
122.39,75.65
122.48,74.4
122.58,73.07
122.68,71.77
122.78,70.56
122.85,69.37
122.93,68.21
123.01,67.09
123.09,66.0
123.16,64.94
123.25,63.79
123.35,62.64
123.46,61.43
123.58,60.25
123.68,59.03
123.78,57.84
123.87,56.67
123.97,55.54
124.06,54.43
124.18,53.36
124.3,52.27
124.4,51.15
124.52,50.1
124.62,49.1
124.75,48.15
124.86,47.28
125.01,46.52
125.27,45.95
125.6,45.58
125.96,45.44
126.36,45.5
126.78,45.66
127.24,45.91
127.7,46.29
128.15,46.73
128.6,47.2
129.04,47.64
129.49,48.08
129.92,48.46
130.33,48.87
130.69,49.37
131.0,49.9
131.27,50.36
131.51,50.63
131.71,50.79
131.87,50.89
132.03,50.88
132.19,50.75
132.36,50.46
132.5,50.05
132.63,49.55
132.74,49.03
132.85,48.46
132.95,47.82
133.03,47.12
133.11,46.37
133.17,45.59
133.21,44.7
133.2,43.74
133.13,42.83
132.97,42.01
132.71,41.43
132.36,41.04
131.98,40.77
131.58,40.53
131.19,40.29
130.85,39.99
130.59,39.74
130.38,39.5
130.21,39.25
130.08,39.01
129.97,38.82
129.87,38.68
129.76,38.6
129.65,38.51
129.53,38.46
129.41,38.46
129.29,38.45
129.14,38.37
129.05,38.07
128.96,37.72
128.86,37.32
128.76,36.9
128.64,36.69
128.5,36.47
128.36,36.23
128.2,35.96
128.03,35.71
127.87,35.41
127.68,34.98
127.51,34.57
127.34,34.14
127.15,33.72
126.89,33.34
126.56,33.01
126.22,32.74
125.84,32.47
125.46,32.22
125.12,31.99
124.84,31.75
124.61,31.48
124.46,31.18
124.37,30.85
124.34,30.54
124.37,30.19
124.43,29.83
124.53,29.44
124.64,29.02
124.78,28.53
124.94,28.11
125.1,27.63
125.24,27.09
125.39,26.47
125.51,25.86
125.64,25.23
125.81,24.55
125.99,23.8
126.16,22.88
126.3,21.97
126.45,20.93
126.57,19.89
126.68,18.9
126.79,17.92
126.9,16.98
127.01,16.05
127.08,15.14
127.12,14.21
127.14,13.28
127.16,12.37
127.15,11.52
127.1,10.77
126.97,10.12
126.76,9.62
126.48,9.26
126.19,8.97
125.88,8.71
125.58,8.51
125.28,8.41
124.94,8.29
124.56,8.17
124.18,8.11
123.77,8.02
123.35,7.9
122.92,7.81
122.48,7.76
122.02,7.69
121.55,7.58
121.08,7.44
120.59,7.32
120.11,7.13
119.64,6.98
119.17,6.84
118.7,6.76
118.23,6.63
117.87,6.5
117.49,6.38
117.16,6.29
116.79,6.17
116.38,6.05
116.08,5.93
115.74,5.73
115.45,5.61
115.1,5.4
114.81,5.22
114.44,5.02
114.12,4.87
113.81,4.73
113.48,4.51
113.16,4.27
112.79,4.08
112.47,3.87
112.11,3.7
111.75,3.48
111.4,3.24
111.04,2.99
110.64,2.78
110.26,2.5
109.85,2.17
109.51,1.9
109.18,1.65
108.88,1.43
108.56,1.21
108.21,1.03
107.86,0.96
107.62,0.91
107.4,0.83
107.18,0.75
106.97,0.67
106.74,0.65
106.51,0.69
106.3,0.73
106.11,0.74
105.95,0.73
105.81,0.77
105.67,0.82
105.56,0.85
105.45,0.88
105.34,0.98
105.26,1.02
105.19,1.02
105.11,1.01
105.04,0.93
104.97,0.84
104.91,0.73
104.86,0.66
104.57,0.28
104.75,0.21
104.84,0.18
104.89,0.09
104.88,0.0
